timestamp,open,high,low,close,volume
2024-12-03 00:00:00,133523000,133624000,133521000,133604000,7.40635867
2024-12-03 00:01:00,133588000,133660000,133525000,133525000,5.77495298
2024-12-03 00:02:00,133528000,133608000,133510000,133510000,4.07483654
2024-12-03 00:03:00,133513000,133552000,133490000,133499000,5.33763882
2024-12-03 00:04:00,133499000,133500000,133456000,133480000,6.85464002
2024-12-03 00:05:00,133480000,133496000,133430000,133456000,8.00844105
2024-12-03 00:06:00,133456000,133494000,133378000,133429000,4.93540273
2024-12-03 00:07:00,133429000,133494000,133357000,133389000,5.28063734
2024-12-03 00:08:00,133381000,133474000,133357000,133474000,4.21783132
2024-12-03 00:09:00,133474000,133515000,133388000,133510000,7.38774094
2024-12-03 00:10:00,133490000,133623000,133462000,133623000,2.91740603
2024-12-03 00:11:00,133623000,133800000,133621000,133800000,8.821077
2024-12-03 00:12:00,133800000,133925000,133748000,133883000,4.55110025
2024-12-03 00:13:00,133900000,134000000,133883000,134000000,5.72478562
2024-12-03 00:14:00,134000000,134007000,133998000,134001000,7.56173864
2024-12-03 00:15:00,134001000,134100000,134000000,134036000,7.96837719
2024-12-03 00:16:00,134036000,134111000,134007000,134020000,3.89122475
2024-12-03 00:17:00,134059000,134099000,134001000,134045000,5.65113042
2024-12-03 00:18:00,134045000,134150000,134010000,134148000,5.43892438
2024-12-03 00:19:00,134148000,134155000,134143000,134152000,5.56044065
2024-12-03 00:20:00,134152000,134155000,134114000,134147000,3.7145514
2024-12-03 00:21:00,134144000,134146000,134046000,134071000,3.63160812
2024-12-03 00:22:00,134071000,134114000,134006000,134007000,13.30019736
2024-12-03 00:23:00,134007000,134008000,133900000,133937000,8.14981887
2024-12-03 00:24:00,133937000,134100000,133870000,134097000,12.78859779
2024-12-03 00:25:00,134035000,134097000,133929000,133943000,2.24175377
2024-12-03 00:26:00,133942000,133942000,133750000,133839000,2.94521193
2024-12-03 00:27:00,133839000,133839000,133712000,133723000,5.19073098
2024-12-03 00:28:00,133723000,133821000,133711000,133820000,3.48989344
2024-12-03 00:29:00,133820000,133893000,133720000,133736000,4.11879558
2024-12-03 00:30:00,133732000,133893000,133720000,133752000,3.40165423
2024-12-03 00:31:00,133752000,133861000,133751000,133792000,2.7852821
2024-12-03 00:32:00,133792000,133793000,133749000,133750000,3.89477959
2024-12-03 00:33:00,133750000,133750000,133650000,133677000,5.82634623
2024-12-03 00:34:00,133677000,133700000,133540000,133676000,3.7757582
2024-12-03 00:35:00,133650000,133782000,133650000,133782000,3.5218818
2024-12-03 00:36:00,133785000,134088000,133782000,134050000,6.85647052
2024-12-03 00:37:00,134085000,134100000,134000000,134100000,3.25534155
2024-12-03 00:38:00,134100000,134138000,134032000,134034000,9.15207989
2024-12-03 00:39:00,134091000,134099000,134000000,134020000,6.14648994
2024-12-03 00:40:00,134028000,134099000,134000000,134035000,5.14838157
2024-12-03 00:41:00,134036000,134036000,133824000,133880000,5.21509108
2024-12-03 00:42:00,133921000,133921000,133824000,133915000,1.85010078
2024-12-03 00:43:00,133915000,133921000,133881000,133911000,2.75458721
2024-12-03 00:44:00,133910000,134001000,133881000,133999000,2.25233882
2024-12-03 00:45:00,133924000,134075000,133924000,134061000,2.08325425
2024-12-03 00:46:00,134083000,134250000,134051000,134197000,7.73200464
2024-12-03 00:47:00,134211000,134211000,134197000,134210000,1.39725178
2024-12-03 00:48:00,134210000,134219000,134150000,134184000,3.10599937
2024-12-03 00:49:00,134184000,134184000,134084000,134159000,2.33273868
2024-12-03 00:50:00,134159000,134159000,134085000,134101000,1.92014508
2024-12-03 00:51:00,134100000,134101000,134018000,134083000,1.7313336
2024-12-03 00:52:00,134083000,134083000,134001000,134027000,0.76704393
2024-12-03 00:53:00,134027000,134027000,133920000,133988000,1.97632849
2024-12-03 00:54:00,133980000,133988000,133920000,133921000,1.80202673
2024-12-03 00:55:00,133960000,134050000,133921000,134050000,4.56717186
2024-12-03 00:56:00,134050000,134084000,134000000,134039000,3.88956273
2024-12-03 00:57:00,134039000,134080000,133959000,134079000,1.44630816
2024-12-03 00:58:00,134079000,134079000,133967000,133967000,0.9610816
2024-12-03 00:59:00,133967000,134000000,133959000,133970000,3.28174026
2024-12-03 01:00:00,133970000,134000000,133959000,133959000,1.97101038
2024-12-03 01:01:00,133996000,133996000,133900000,133915000,2.07463308
2024-12-03 01:02:00,133959000,133996000,133916000,133926000,2.12392363
2024-12-03 01:03:00,133926000,133930000,133800000,133867000,4.19311058
2024-12-03 01:04:00,133867000,133867000,133800000,133836000,2.26039614
2024-12-03 01:05:00,133810000,133836000,133725000,133728000,4.17788955
2024-12-03 01:06:00,133728000,133840000,133706000,133741000,7.69861195
2024-12-03 01:07:00,133797000,133834000,133739000,133797000,1.27700839
2024-12-03 01:08:00,133798000,133832000,133743000,133815000,2.5483666
2024-12-03 01:09:00,133815000,133815000,133700000,133815000,4.11641405
2024-12-03 01:10:00,133815000,133815000,133716000,133801000,2.82967977
2024-12-03 01:11:00,133801000,133801000,133732000,133763000,4.33968844
2024-12-03 01:12:00,133750000,133763000,133715000,133732000,2.71784856
2024-12-03 01:13:00,133761000,133763000,133701000,133761000,3.03101856
2024-12-03 01:14:00,133761000,133762000,133710000,133760000,2.92270035
2024-12-03 01:15:00,133762000,133763000,133717000,133757000,3.96797988
2024-12-03 01:16:00,133755000,133778000,133717000,133775000,2.82270436
2024-12-03 01:17:00,133778000,133810000,133740000,133777000,2.95051816
2024-12-03 01:18:00,133779000,133806000,133715000,133785000,2.74389408
2024-12-03 01:19:00,133785000,133786000,133599000,133603000,7.40170452
2024-12-03 01:20:00,133603000,133697000,133500000,133581000,4.05477542
2024-12-03 01:21:00,133500000,133582000,133456000,133456000,2.25790787
2024-12-03 01:22:00,133508000,133562000,133388000,133536000,4.24497351
2024-12-03 01:23:00,133536000,133536000,133389000,133471000,3.50897833
2024-12-03 01:24:00,133471000,133500000,133428000,133428000,2.70815305
2024-12-03 01:25:00,133430000,133472000,133428000,133472000,4.59136612
2024-12-03 01:26:00,133434000,133472000,133392000,133428000,3.80763805
2024-12-03 01:27:00,133428000,133435000,133388000,133434000,2.83794029
2024-12-03 01:28:00,133434000,133472000,133400000,133444000,2.19221997
2024-12-03 01:29:00,133442000,133443000,133388000,133397000,2.94105813
2024-12-03 01:30:00,133399000,133399000,133383000,133385000,1.89406981
2024-12-03 01:31:00,133385000,133443000,133375000,133443000,5.22780781
2024-12-03 01:32:00,133443000,133535000,133371000,133535000,3.44422579
2024-12-03 01:33:00,133535000,133675000,133501000,133626000,3.12456839
2024-12-03 01:34:00,133626000,133670000,133501000,133626000,2.32456389
2024-12-03 01:35:00,133536000,133626000,133523000,133623000,1.3183457
2024-12-03 01:36:00,133623000,133623000,133501000,133531000,2.76162301
2024-12-03 01:37:00,133586000,133596000,133474000,133500000,3.42091236
2024-12-03 01:38:00,133525000,133595000,133500000,133589000,3.92399288
2024-12-03 01:39:00,133589000,133625000,133499000,133624000,2.98393322
2024-12-03 01:40:00,133625000,133625000,133535000,133625000,1.73236997
2024-12-03 01:41:00,133600000,133626000,133535000,133625000,2.10031139
2024-12-03 01:42:00,133625000,133625000,133575000,133578000,1.41881901
2024-12-03 01:43:00,133570000,133580000,133535000,133536000,0.96466248
2024-12-03 01:44:00,133536000,133575000,133498000,133502000,3.49454078
2024-12-03 01:45:00,133502000,133598000,133476000,133598000,4.58173261
2024-12-03 01:46:00,133598000,133626000,133512000,133600000,2.11585301
2024-12-03 01:47:00,133537000,133631000,133537000,133600000,2.56822936
2024-12-03 01:48:00,133601000,133631000,133600000,133630000,4.48516934
2024-12-03 01:49:00,133631000,133640000,133604000,133631000,2.08407123
2024-12-03 01:50:00,133632000,133640000,133606000,133631000,1.7277547
2024-12-03 01:51:00,133632000,133773000,133627000,133744000,3.93949014
2024-12-03 01:52:00,133744000,133759000,133699000,133744000,1.19828444
2024-12-03 01:53:00,133725000,133747000,133699000,133731000,1.49079249
2024-12-03 01:54:00,133731000,133748000,133730000,133742000,1.3865637
2024-12-03 01:55:00,133742000,133747000,133604000,133674000,2.92538188
2024-12-03 01:56:00,133674000,133710000,133660000,133674000,1.74984677
2024-12-03 01:57:00,133709000,133736000,133674000,133711000,1.38204504
2024-12-03 01:58:00,133711000,133740000,133710000,133740000,1.38283604
2024-12-03 01:59:00,133740000,133777000,133726000,133753000,3.021887
2024-12-03 02:00:00,133753000,133786000,133737000,133753000,2.07193471
2024-12-03 02:01:00,133761000,133785000,133712000,133712000,1.37359355
2024-12-03 02:02:00,133740000,133740000,133654000,133654000,1.41011854
2024-12-03 02:03:00,133654000,133735000,133608000,133728000,1.23589743
2024-12-03 02:04:00,133728000,133730000,133609000,133730000,2.73706939
2024-12-03 02:05:00,133729000,133785000,133662000,133785000,3.74092274
2024-12-03 02:06:00,133785000,133800000,133742000,133800000,1.76304283
2024-12-03 02:07:00,133800000,133804000,133794000,133801000,1.90576857
2024-12-03 02:08:00,133802000,133806000,133801000,133806000,2.95875608
2024-12-03 02:09:00,133806000,133815000,133804000,133812000,3.47524603
2024-12-03 02:10:00,133810000,133815000,133808000,133809000,2.65655237
2024-12-03 02:11:00,133809000,133815000,133800000,133800000,1.40948297
2024-12-03 02:12:00,133801000,133808000,133743000,133743000,1.75079852
2024-12-03 02:13:00,133771000,133798000,133743000,133798000,1.82561472
2024-12-03 02:14:00,133798000,133806000,133770000,133802000,0.74984346
2024-12-03 02:15:00,133802000,133946000,133798000,133946000,3.9763954
2024-12-03 02:16:00,133918000,133956000,133903000,133955000,0.81434221
2024-12-03 02:17:00,133955000,133957000,133928000,133957000,1.93586444
2024-12-03 02:18:00,133957000,133969000,133957000,133959000,1.2966575
2024-12-03 02:19:00,133969000,134000000,133957000,133999000,1.2929028
2024-12-03 02:20:00,133970000,134000000,133957000,133998000,1.76574849
2024-12-03 02:21:00,134000000,134000000,133957000,133998000,1.57914137
2024-12-03 02:22:00,133998000,133998000,133929000,133930000,2.11683805
2024-12-03 02:23:00,133931000,133996000,133930000,133931000,2.07869192
2024-12-03 02:24:00,133931000,133931000,133887000,133901000,1.90114983
2024-12-03 02:25:00,133901000,133901000,133808000,133808000,1.81398406
2024-12-03 02:26:00,133808000,133900000,133800000,133898000,1.89468566
2024-12-03 02:27:00,133898000,133898000,133807000,133896000,0.13439391
2024-12-03 02:28:00,133896000,133897000,133810000,133810000,1.21755608
2024-12-03 02:29:00,133891000,133900000,133810000,133814000,1.25804397
2024-12-03 02:30:00,133895000,133900000,133817000,133899000,1.47170096
2024-12-03 02:31:00,133899000,133901000,133895000,133897000,2.81836708
2024-12-03 02:32:00,133897000,133907000,133896000,133903000,1.49605643
2024-12-03 02:33:00,133907000,133930000,133903000,133930000,1.85286848
2024-12-03 02:34:00,133930000,133930000,133904000,133907000,1.88669591
2024-12-03 02:35:00,133907000,133907000,133903000,133903000,1.32914173
2024-12-03 02:36:00,133902000,133904000,133900000,133903000,2.33439639
2024-12-03 02:37:00,133903000,133930000,133900000,133930000,1.79884071
2024-12-03 02:38:00,133930000,133937000,133904000,133934000,3.61202753
2024-12-03 02:39:00,133934000,134000000,133932000,134000000,6.75407562
2024-12-03 02:40:00,134000000,134200000,133998000,134200000,9.48196287
2024-12-03 02:41:00,134200000,134250000,134184000,134248000,5.0871857
2024-12-03 02:42:00,134249000,134249000,134108000,134132000,2.3663091
2024-12-03 02:43:00,134224000,134248000,134015000,134100000,3.97113874
2024-12-03 02:44:00,134091000,134136000,134007000,134136000,2.43644094
2024-12-03 02:45:00,134136000,134223000,134092000,134097000,2.76887998
2024-12-03 02:46:00,134174000,134206000,134100000,134180000,1.91709917
2024-12-03 02:47:00,134180000,134180000,134107000,134160000,2.51499905
2024-12-03 02:48:00,134176000,134176000,134110000,134160000,1.47993055
2024-12-03 02:49:00,134160000,134160000,134067000,134100000,3.21544991
2024-12-03 02:50:00,134100000,134100000,134067000,134099000,2.41135759
2024-12-03 02:51:00,134078000,134114000,134000000,134114000,3.67558029
2024-12-03 02:52:00,134114000,134130000,134052000,134060000,2.11462283
2024-12-03 02:53:00,134060000,134130000,134052000,134127000,1.74770003
2024-12-03 02:54:00,134129000,134129000,134071000,134120000,1.73272837
2024-12-03 02:55:00,134120000,134127000,134071000,134101000,1.68696652
2024-12-03 02:56:00,134125000,134125000,134100000,134124000,1.10145193
2024-12-03 02:57:00,134124000,134125000,134061000,134123000,2.03214738
2024-12-03 02:58:00,134123000,134123000,134063000,134122000,1.15579691
2024-12-03 02:59:00,134122000,134124000,134082000,134124000,2.11239516
2024-12-03 03:00:00,134124000,134124000,134079000,134123000,2.15736329
2024-12-03 03:01:00,134123000,134123000,134079000,134080000,3.08212259
2024-12-03 03:02:00,134080000,134080000,134063000,134077000,1.50272258
2024-12-03 03:03:00,134080000,134080000,134062000,134075000,3.260809
2024-12-03 03:04:00,134075000,134077000,134052000,134077000,2.18621964
2024-12-03 03:05:00,134077000,134077000,134057000,134076000,1.43840503
2024-12-03 03:06:00,134076000,134077000,134058000,134076000,0.73351771
2024-12-03 03:07:00,134058000,134058000,134056000,134057000,0.97564741
2024-12-03 03:08:00,134058000,134058000,134052000,134053000,2.53010988
2024-12-03 03:09:00,134053000,134053000,134049000,134049000,2.04502447
2024-12-03 03:10:00,134050000,134053000,134011000,134013000,1.36124335
2024-12-03 03:11:00,134012000,134017000,133930000,133942000,3.98483579
2024-12-03 03:12:00,133942000,133942000,133931000,133932000,1.83733647
2024-12-03 03:13:00,133938000,134014000,133931000,133942000,1.3242773
2024-12-03 03:14:00,133978000,133978000,133942000,133944000,1.213192
2024-12-03 03:15:00,133943000,133978000,133943000,133975000,4.7068435
2024-12-03 03:16:00,133975000,133977000,133944000,133944000,1.02253231
2024-12-03 03:17:00,133975000,133977000,133945000,133952000,2.84139446
2024-12-03 03:18:00,133975000,134010000,133952000,134010000,0.75494979
2024-12-03 03:19:00,134010000,134042000,134003000,134039000,2.4383088
2024-12-03 03:20:00,134018000,134018000,134017000,134017000,1.6224909
2024-12-03 03:21:00,134018000,134045000,134017000,134043000,1.85833958
2024-12-03 03:22:00,134043000,134058000,134018000,134043000,1.0623445
2024-12-03 03:23:00,134042000,134044000,134010000,134010000,2.85676383
2024-12-03 03:24:00,134017000,134043000,133977000,134010000,2.27590707
2024-12-03 03:25:00,134010000,134039000,134002000,134039000,1.88972438
2024-12-03 03:26:00,134039000,134039000,134010000,134038000,4.24946291
2024-12-03 03:27:00,134039000,134040000,134010000,134037000,4.91872678
2024-12-03 03:28:00,134037000,134037000,134010000,134028000,1.11865494
2024-12-03 03:29:00,134028000,134028000,133991000,134000000,1.49406858
2024-12-03 03:30:00,133999000,134000000,133958000,133967000,1.55098995
2024-12-03 03:31:00,133967000,133991000,133958000,133980000,1.95687086
2024-12-03 03:32:00,133980000,133991000,133965000,133990000,2.43162282
2024-12-03 03:33:00,133990000,133991000,133969000,133991000,1.64158789
2024-12-03 03:34:00,133991000,134010000,133988000,134008000,3.00522795
2024-12-03 03:35:00,134008000,134029000,133996000,134005000,1.59700412
2024-12-03 03:36:00,134012000,134028000,134005000,134028000,1.94722973
2024-12-03 03:37:00,134028000,134029000,134012000,134029000,1.99966875
2024-12-03 03:38:00,134029000,134039000,134005000,134039000,2.01272383
2024-12-03 03:39:00,134039000,134044000,134028000,134039000,2.91609491
2024-12-03 03:40:00,134039000,134039000,134005000,134038000,1.44990586
2024-12-03 03:41:00,134038000,134045000,134015000,134044000,0.98357651
2024-12-03 03:42:00,134045000,134045000,134015000,134038000,1.37390005
2024-12-03 03:43:00,134044000,134044000,134038000,134040000,0.58572295
2024-12-03 03:44:00,134040000,134044000,134037000,134042000,1.23561633
2024-12-03 03:45:00,134042000,134044000,134039000,134041000,1.7363112
2024-12-03 03:46:00,134041000,134045000,134040000,134044000,1.50334009
2024-12-03 03:47:00,134042000,134045000,134041000,134044000,1.19205899
2024-12-03 03:48:00,134042000,134044000,134015000,134030000,2.41962406
2024-12-03 03:49:00,134017000,134023000,134013000,134013000,1.24911623
2024-12-03 03:50:00,134021000,134021000,134005000,134006000,1.40942285
2024-12-03 03:51:00,134006000,134006000,133836000,133915000,6.73920604
2024-12-03 03:52:00,133917000,133917000,133837000,133863000,1.34156116
2024-12-03 03:53:00,133863000,133910000,133830000,133910000,3.76058507
2024-12-03 03:54:00,133910000,133915000,133835000,133915000,1.20161104
2024-12-03 03:55:00,133910000,133910000,133864000,133866000,0.75581623
2024-12-03 03:56:00,133865000,133866000,133864000,133864000,0.98270596
2024-12-03 03:57:00,133865000,133866000,133836000,133864000,1.58240684
2024-12-03 03:58:00,133850000,133864000,133835000,133835000,1.40262396
2024-12-03 03:59:00,133835000,133837000,133800000,133800000,6.45037737
2024-12-03 04:00:00,133800000,133807000,133772000,133776000,3.14231846
2024-12-03 04:01:00,133776000,133785000,133720000,133770000,1.64311348
2024-12-03 04:02:00,133720000,133770000,133670000,133676000,3.7021789
2024-12-03 04:03:00,133691000,133704000,133670000,133690000,5.01921688
2024-12-03 04:04:00,133690000,133700000,133671000,133691000,1.72836864
2024-12-03 04:05:00,133698000,133757000,133690000,133723000,2.86655243
2024-12-03 04:06:00,133723000,133743000,133692000,133725000,1.55604929
2024-12-03 04:07:00,133725000,133931000,133692000,133917000,4.83330958
2024-12-03 04:08:00,133917000,133931000,133795000,133900000,0.88527971
2024-12-03 04:09:00,133896000,133917000,133795000,133804000,1.2549318
2024-12-03 04:10:00,133900000,133900000,133830000,133830000,1.00311308
2024-12-03 04:11:00,133856000,133856000,133757000,133830000,1.69299551
2024-12-03 04:12:00,133830000,133830000,133742000,133764000,0.87052491
2024-12-03 04:13:00,133764000,133764000,133671000,133700000,2.12245058
2024-12-03 04:14:00,133700000,133828000,133692000,133694000,3.01142012
2024-12-03 04:15:00,133700000,133827000,133694000,133818000,4.37058597
2024-12-03 04:16:00,133818000,133819000,133692000,133776000,0.79102456
2024-12-03 04:17:00,133776000,133816000,133692000,133776000,1.43022328
2024-12-03 04:18:00,133802000,133802000,133694000,133711000,0.63371814
2024-12-03 04:19:00,133711000,133796000,133704000,133712000,1.00673274
2024-12-03 04:20:00,133712000,133802000,133704000,133711000,1.74639072
2024-12-03 04:21:00,133802000,133856000,133704000,133820000,2.55083245
2024-12-03 04:22:00,133820000,133931000,133819000,133819000,3.85896885
2024-12-03 04:23:00,133819000,133820000,133750000,133800000,1.20214454
2024-12-03 04:24:00,133800000,133800000,133750000,133776000,0.41776405
2024-12-03 04:25:00,133776000,133780000,133747000,133747000,1.1128753
2024-12-03 04:26:00,133747000,133775000,133739000,133749000,1.41781973
2024-12-03 04:27:00,133749000,133750000,133747000,133747000,2.52769011
2024-12-03 04:28:00,133748000,133748000,133747000,133748000,1.17191234
2024-12-03 04:29:00,133748000,133748000,133747000,133748000,0.55362936
2024-12-03 04:30:00,133748000,133750000,133720000,133750000,3.69771726
2024-12-03 04:31:00,133750000,133750000,133720000,133731000,1.01750016
2024-12-03 04:32:00,133731000,133747000,133720000,133720000,0.86982528
2024-12-03 04:33:00,133720000,133745000,133720000,133729000,1.65893129
2024-12-03 04:34:00,133729000,133752000,133704000,133704000,2.56111705
2024-12-03 04:35:00,133704000,133753000,133704000,133705000,0.69565924
2024-12-03 04:36:00,133706000,133709000,133704000,133704000,1.38830861
2024-12-03 04:37:00,133705000,133705000,133658000,133661000,3.60610676
2024-12-03 04:38:00,133661000,133691000,133605000,133635000,2.45663412
2024-12-03 04:39:00,133635000,133635000,133550000,133560000,2.6741655
2024-12-03 04:40:00,133560000,133560000,133524000,133536000,3.33720087
2024-12-03 04:41:00,133536000,133634000,133531000,133570000,2.74548343
2024-12-03 04:42:00,133634000,133685000,133521000,133615000,2.53472411
2024-12-03 04:43:00,133633000,133700000,133547000,133552000,1.64107443
2024-12-03 04:44:00,133607000,133640000,133552000,133607000,0.76241848
2024-12-03 04:45:00,133607000,133639000,133554000,133555000,2.3761902
2024-12-03 04:46:00,133554000,133571000,133536000,133554000,1.40729636
2024-12-03 04:47:00,133554000,133571000,133536000,133549000,3.59840577
2024-12-03 04:48:00,133557000,133571000,133536000,133564000,0.791114
2024-12-03 04:49:00,133564000,133564000,133549000,133549000,2.02682903
2024-12-03 04:50:00,133549000,133566000,133528000,133564000,4.37098491
2024-12-03 04:51:00,133566000,133571000,133528000,133530000,2.98325061
2024-12-03 04:52:00,133530000,133563000,133528000,133561000,1.75524595
2024-12-03 04:53:00,133561000,133561000,133528000,133532000,1.92937778
2024-12-03 04:54:00,133545000,133545000,133532000,133544000,1.13806452
2024-12-03 04:55:00,133533000,133545000,133532000,133545000,1.65299098
2024-12-03 04:56:00,133544000,133545000,133532000,133533000,2.11550675
2024-12-03 04:57:00,133533000,133533000,133514000,133514000,2.53127025
2024-12-03 04:58:00,133517000,133517000,133500000,133500000,2.87663665
2024-12-03 04:59:00,133501000,133510000,133500000,133502000,2.15759732
2024-12-03 05:00:00,133502000,133513000,133477000,133511000,2.94747136
2024-12-03 05:01:00,133511000,133514000,133487000,133491000,2.03124206
2024-12-03 05:02:00,133491000,133517000,133480000,133500000,2.61604643
2024-12-03 05:03:00,133482000,133508000,133482000,133491000,1.98809519
2024-12-03 05:04:00,133491000,133491000,133482000,133489000,0.48712731
2024-12-03 05:05:00,133489000,133545000,133482000,133545000,5.56039171
2024-12-03 05:06:00,133545000,133630000,133533000,133626000,2.93193832
2024-12-03 05:07:00,133630000,133630000,133601000,133601000,1.4731763
2024-12-03 05:08:00,133602000,133626000,133601000,133620000,0.7025709
2024-12-03 05:09:00,133620000,133626000,133603000,133626000,2.53065308
2024-12-03 05:10:00,133625000,133626000,133614000,133616000,1.05498145
2024-12-03 05:11:00,133616000,133616000,133500000,133537000,3.62805375
2024-12-03 05:12:00,133537000,133545000,133481000,133481000,3.37596272
2024-12-03 05:13:00,133481000,133485000,133481000,133484000,0.53750918
2024-12-03 05:14:00,133484000,133533000,133482000,133500000,3.69964907
2024-12-03 05:15:00,133491000,133500000,133491000,133500000,1.22643618
2024-12-03 05:16:00,133500000,133500000,133492000,133494000,1.69791807
2024-12-03 05:17:00,133500000,133520000,133491000,133500000,1.98686033
2024-12-03 05:18:00,133520000,133600000,133500000,133568000,2.27746745
2024-12-03 05:19:00,133600000,133600000,133568000,133600000,2.59302806
2024-12-03 05:20:00,133600000,133638000,133600000,133635000,2.24871259
2024-12-03 05:21:00,133638000,133644000,133635000,133638000,2.53303399
2024-12-03 05:22:00,133638000,133670000,133635000,133669000,2.91642207
2024-12-03 05:23:00,133669000,133709000,133638000,133709000,2.3069465
2024-12-03 05:24:00,133709000,133800000,133709000,133770000,3.30149606
2024-12-03 05:25:00,133770000,133788000,133755000,133784000,0.93408201
2024-12-03 05:26:00,133784000,133800000,133780000,133800000,1.09997934
2024-12-03 05:27:00,133798000,133804000,133780000,133804000,0.87279383
2024-12-03 05:28:00,133804000,133814000,133801000,133801000,1.81421979
2024-12-03 05:29:00,133805000,133805000,133800000,133801000,1.90654757
2024-12-03 05:30:00,133801000,133819000,133780000,133805000,1.85898039
2024-12-03 05:31:00,133805000,133805000,133758000,133799000,1.22835796
2024-12-03 05:32:00,133799000,133800000,133758000,133758000,1.68489853
2024-12-03 05:33:00,133758000,133799000,133720000,133751000,1.53311028
2024-12-03 05:34:00,133798000,133800000,133707000,133751000,1.88724051
2024-12-03 05:35:00,133798000,133799000,133751000,133752000,0.68882101
2024-12-03 05:36:00,133754000,133799000,133752000,133753000,1.474075
2024-12-03 05:37:00,133753000,133799000,133753000,133798000,1.00417719
2024-12-03 05:38:00,133798000,133798000,133753000,133754000,0.72013109
2024-12-03 05:39:00,133793000,133793000,133752000,133753000,1.57801276
2024-12-03 05:40:00,133792000,133792000,133753000,133791000,0.66958768
2024-12-03 05:41:00,133791000,133791000,133706000,133745000,1.11151096
2024-12-03 05:42:00,133745000,133745000,133692000,133705000,1.81658703
2024-12-03 05:43:00,133705000,133708000,133650000,133687000,2.06621454
2024-12-03 05:44:00,133687000,133705000,133650000,133700000,1.01269051
2024-12-03 05:45:00,133700000,133700000,133643000,133644000,1.21598369
2024-12-03 05:46:00,133699000,133700000,133645000,133699000,0.83333948
2024-12-03 05:47:00,133700000,133703000,133650000,133696000,1.61710717
2024-12-03 05:48:00,133697000,133700000,133650000,133659000,0.96016867
2024-12-03 05:49:00,133699000,133699000,133644000,133653000,1.10813805
2024-12-03 05:50:00,133653000,133657000,133650000,133651000,0.83089651
2024-12-03 05:51:00,133652000,133652000,133642000,133643000,1.15260144
2024-12-03 05:52:00,133642000,133651000,133637000,133643000,1.29521079
2024-12-03 05:53:00,133643000,133643000,133620000,133620000,1.11126267
2024-12-03 05:54:00,133622000,133622000,133612000,133618000,1.49128546
2024-12-03 05:55:00,133618000,133618000,133595000,133596000,1.59273842
2024-12-03 05:56:00,133596000,133618000,133569000,133618000,1.96905171
2024-12-03 05:57:00,133618000,133675000,133598000,133675000,2.57800697
2024-12-03 05:58:00,133675000,133675000,133625000,133630000,2.08402372
2024-12-03 05:59:00,133674000,133690000,133628000,133690000,1.6223488
2024-12-03 06:00:00,133695000,133750000,133668000,133750000,3.29039755
2024-12-03 06:01:00,133750000,133750000,133704000,133705000,1.16684041
2024-12-03 06:02:00,133705000,133749000,133596000,133596000,2.08852624
2024-12-03 06:03:00,133642000,133748000,133563000,133648000,1.43221271
2024-12-03 06:04:00,133719000,133731000,133648000,133719000,0.40900803
2024-12-03 06:05:00,133719000,133725000,133693000,133700000,0.94925027
2024-12-03 06:06:00,133700000,133732000,133648000,133723000,1.94277434
2024-12-03 06:07:00,133723000,133723000,133564000,133702000,1.09242547
2024-12-03 06:08:00,133702000,133745000,133600000,133650000,1.89025846
2024-12-03 06:09:00,133722000,133722000,133592000,133700000,1.62455828
2024-12-03 06:10:00,133700000,133723000,133682000,133701000,1.17731794
2024-12-03 06:11:00,133700000,133700000,133690000,133698000,1.15925401
2024-12-03 06:12:00,133700000,133705000,133695000,133701000,1.61638779
2024-12-03 06:13:00,133701000,133701000,133570000,133640000,1.21801334
2024-12-03 06:14:00,133640000,133698000,133638000,133651000,1.08378504
2024-12-03 06:15:00,133687000,133722000,133687000,133701000,1.83904091
2024-12-03 06:16:00,133717000,133752000,133698000,133717000,4.05010371
2024-12-03 06:17:00,133722000,133722000,133651000,133679000,2.19155192
2024-12-03 06:18:00,133679000,133706000,133632000,133632000,1.66436086
2024-12-03 06:19:00,133649000,133650000,133632000,133632000,0.67681624
2024-12-03 06:20:00,133648000,133650000,133628000,133632000,1.1619938
2024-12-03 06:21:00,133649000,133700000,133632000,133690000,1.94856493
2024-12-03 06:22:00,133700000,133750000,133690000,133724000,0.73589685
2024-12-03 06:23:00,133724000,133725000,133721000,133725000,1.69149125
2024-12-03 06:24:00,133725000,133750000,133724000,133726000,1.91728948
2024-12-03 06:25:00,133750000,133750000,133725000,133726000,2.04463312
2024-12-03 06:26:00,133727000,133727000,133724000,133727000,1.3292904
2024-12-03 06:27:00,133727000,133727000,133722000,133725000,1.54634476
2024-12-03 06:28:00,133725000,133725000,133699000,133699000,2.43436228
2024-12-03 06:29:00,133725000,133752000,133685000,133727000,2.96472896
2024-12-03 06:30:00,133740000,133750000,133679000,133686000,1.03347565
2024-12-03 06:31:00,133686000,133687000,133685000,133686000,0.79326454
2024-12-03 06:32:00,133686000,133687000,133685000,133686000,1.33181906
2024-12-03 06:33:00,133687000,133770000,133686000,133687000,1.75216719
2024-12-03 06:34:00,133760000,133767000,133677000,133677000,2.0656964
2024-12-03 06:35:00,133677000,133760000,133677000,133687000,0.60910026
2024-12-03 06:36:00,133687000,133687000,133678000,133678000,0.68703272
2024-12-03 06:37:00,133678000,133686000,133678000,133679000,1.43269063
2024-12-03 06:38:00,133680000,133686000,133677000,133677000,2.81038482
2024-12-03 06:39:00,133685000,133700000,133670000,133676000,2.4477633
2024-12-03 06:40:00,133676000,133691000,133649000,133661000,1.87061548
2024-12-03 06:41:00,133661000,133711000,133649000,133669000,1.06106408
2024-12-03 06:42:00,133669000,133725000,133646000,133659000,2.15763199
2024-12-03 06:43:00,133659000,133700000,133631000,133631000,1.31374103
2024-12-03 06:44:00,133649000,133700000,133618000,133698000,1.11199984
2024-12-03 06:45:00,133698000,133698000,133624000,133628000,2.37155561
2024-12-03 06:46:00,133696000,133698000,133600000,133631000,2.78995269
2024-12-03 06:47:00,133631000,133631000,133594000,133594000,1.9636287
2024-12-03 06:48:00,133598000,133630000,133590000,133630000,3.33014706
2024-12-03 06:49:00,133594000,133631000,133558000,133631000,5.26039591
2024-12-03 06:50:00,133631000,133698000,133558000,133695000,2.31925918
2024-12-03 06:51:00,133691000,133696000,133578000,133696000,2.11558395
2024-12-03 06:52:00,133696000,133698000,133668000,133695000,1.69611454
2024-12-03 06:53:00,133695000,133698000,133669000,133694000,2.71800946
2024-12-03 06:54:00,133696000,133698000,133669000,133698000,1.7847582
2024-12-03 06:55:00,133694000,133700000,133567000,133567000,3.06899285
2024-12-03 06:56:00,133587000,133740000,133567000,133582000,12.25484454
2024-12-03 06:57:00,133608000,133608000,133443000,133509000,18.5270238
2024-12-03 06:58:00,133509000,133524000,133382000,133403000,9.36855984
2024-12-03 06:59:00,133403000,133508000,133403000,133469000,12.94788915
2024-12-03 07:00:00,133469000,133486000,133389000,133389000,6.45039009
2024-12-03 07:01:00,133403000,133485000,133389000,133454000,3.3350647
2024-12-03 07:02:00,133465000,133500000,133390000,133390000,6.75942014
2024-12-03 07:03:00,133390000,133487000,133357000,133357000,4.98355018
2024-12-03 07:04:00,133357000,133359000,133268000,133281000,9.49979838
2024-12-03 07:05:00,133281000,133342000,133200000,133200000,10.58099694
2024-12-03 07:06:00,133253000,133267000,133199000,133220000,4.64907014
2024-12-03 07:07:00,133220000,133444000,133202000,133386000,7.97713269
2024-12-03 07:08:00,133417000,133444000,133207000,133290000,3.5538426
2024-12-03 07:09:00,133290000,133450000,133249000,133450000,4.80799512
2024-12-03 07:10:00,133450000,133533000,133450000,133533000,3.78082767
2024-12-03 07:11:00,133533000,133649000,133514000,133514000,3.40717662
2024-12-03 07:12:00,133622000,133625000,133529000,133625000,1.47703414
2024-12-03 07:13:00,133625000,133649000,133514000,133649000,3.85146265
2024-12-03 07:14:00,133649000,133680000,133514000,133680000,3.0913206
2024-12-03 07:15:00,133680000,133777000,133680000,133680000,7.35341561
2024-12-03 07:16:00,133681000,133745000,133515000,133650000,6.61573264
2024-12-03 07:17:00,133650000,133700000,133534000,133537000,1.96112421
2024-12-03 07:18:00,133537000,133548000,133268000,133268000,3.84792923
2024-12-03 07:19:00,133268000,133451000,133200000,133230000,11.35734584
2024-12-03 07:20:00,133230000,133316000,133217000,133258000,4.22577893
2024-12-03 07:21:00,133258000,133258000,133240000,133242000,3.27125307
2024-12-03 07:22:00,133244000,133300000,133240000,133249000,4.70021912
2024-12-03 07:23:00,133249000,133400000,133249000,133299000,4.92554626
2024-12-03 07:24:00,133299000,133416000,133258000,133400000,14.80387936
2024-12-03 07:25:00,133400000,133570000,133380000,133536000,5.44298777
2024-12-03 07:26:00,133548000,133609000,133473000,133547000,3.58734181
2024-12-03 07:27:00,133547000,133630000,133500000,133501000,4.31809252
2024-12-03 07:28:00,133580000,133580000,133496000,133499000,3.45410117
2024-12-03 07:29:00,133500000,133518000,133473000,133480000,9.32575102
2024-12-03 07:30:00,133480000,133518000,133430000,133482000,4.774426
2024-12-03 07:31:00,133500000,133565000,133482000,133563000,7.12367352
2024-12-03 07:32:00,133563000,133612000,133496000,133496000,9.50035009
2024-12-03 07:33:00,133513000,133602000,133483000,133558000,6.00772084
2024-12-03 07:34:00,133558000,133558000,133400000,133401000,2.04371807
2024-12-03 07:35:00,133401000,133426000,133320000,133365000,2.00771022
2024-12-03 07:36:00,133400000,133400000,133310000,133357000,2.75929635
2024-12-03 07:37:00,133358000,133358000,133294000,133357000,3.03904526
2024-12-03 07:38:00,133358000,133359000,133253000,133253000,3.77198589
2024-12-03 07:39:00,133259000,133358000,133259000,133319000,2.8911914
2024-12-03 07:40:00,133320000,133357000,133251000,133256000,2.37623412
2024-12-03 07:41:00,133300000,133316000,133256000,133262000,2.7212294
2024-12-03 07:42:00,133314000,133379000,133262000,133316000,2.08729619
2024-12-03 07:43:00,133316000,133379000,133262000,133315000,3.04087078
2024-12-03 07:44:00,133368000,133369000,133258000,133258000,1.48268765
2024-12-03 07:45:00,133261000,133316000,133256000,133270000,3.35637119
2024-12-03 07:46:00,133315000,133315000,133270000,133308000,0.55359558
2024-12-03 07:47:00,133308000,133380000,133272000,133380000,3.47525363
2024-12-03 07:48:00,133378000,133499000,133294000,133351000,1.66466978
2024-12-03 07:49:00,133351000,133523000,133350000,133468000,3.35022508
2024-12-03 07:50:00,133468000,133479000,133390000,133449000,1.00910868
2024-12-03 07:51:00,133449000,133449000,133350000,133392000,0.81984039
2024-12-03 07:52:00,133392000,133550000,133379000,133547000,14.61499497
2024-12-03 07:53:00,133549000,133552000,133459000,133517000,4.08558475
2024-12-03 07:54:00,133517000,133547000,133400000,133502000,7.50796332
2024-12-03 07:55:00,133515000,133640000,133500000,133640000,8.22163148
2024-12-03 07:56:00,133643000,133660000,133604000,133659000,1.69985022
2024-12-03 07:57:00,133659000,133730000,133650000,133701000,3.69685454
2024-12-03 07:58:00,133729000,133853000,133701000,133835000,5.45172786
2024-12-03 07:59:00,133834000,133834000,133754000,133754000,2.00079106
2024-12-03 08:00:00,133754000,133789000,133612000,133727000,4.35527447
2024-12-03 08:01:00,133734000,133734000,133612000,133616000,2.93644441
2024-12-03 08:02:00,133614000,133614000,133612000,133613000,1.41429317
2024-12-03 08:03:00,133613000,133614000,133550000,133551000,1.69575852
2024-12-03 08:04:00,133551000,133614000,133551000,133564000,1.2261037
2024-12-03 08:05:00,133564000,133614000,133552000,133565000,0.79557478
2024-12-03 08:06:00,133564000,133620000,133553000,133578000,2.34886528
2024-12-03 08:07:00,133578000,133578000,133551000,133552000,2.6510328
2024-12-03 08:08:00,133552000,133732000,133552000,133732000,7.49253687
2024-12-03 08:09:00,133732000,133754000,133627000,133632000,1.10080003
2024-12-03 08:10:00,133740000,133740000,133633000,133713000,0.80882654
2024-12-03 08:11:00,133713000,133738000,133638000,133712000,1.5053312
2024-12-03 08:12:00,133712000,133712000,133643000,133710000,2.74455673
2024-12-03 08:13:00,133709000,133710000,133643000,133643000,2.00250095
2024-12-03 08:14:00,133643000,133691000,133632000,133691000,2.14243559
2024-12-03 08:15:00,133643000,133738000,133643000,133732000,2.93275476
2024-12-03 08:16:00,133730000,133738000,133600000,133673000,4.00730313
2024-12-03 08:17:00,133699000,133745000,133673000,133720000,4.70439515
2024-12-03 08:18:00,133720000,133720000,133595000,133609000,1.89585934
2024-12-03 08:19:00,133609000,133613000,133595000,133600000,1.09206319
2024-12-03 08:20:00,133598000,133666000,133598000,133663000,4.36562259
2024-12-03 08:21:00,133662000,133662000,133599000,133657000,0.5774686
2024-12-03 08:22:00,133656000,133732000,133600000,133623000,1.73926416
2024-12-03 08:23:00,133707000,133708000,133589000,133595000,1.05934908
2024-12-03 08:24:00,133595000,133595000,133552000,133578000,0.89649574
2024-12-03 08:25:00,133578000,133594000,133552000,133578000,0.51818357
2024-12-03 08:26:00,133578000,133578000,133551000,133551000,1.30951295
2024-12-03 08:27:00,133553000,133580000,133549000,133580000,3.75863382
2024-12-03 08:28:00,133580000,133580000,133547000,133551000,1.06813564
2024-12-03 08:29:00,133551000,133551000,133542000,133545000,0.95838504
2024-12-03 08:30:00,133545000,133546000,133506000,133539000,0.67974145
2024-12-03 08:31:00,133539000,133539000,133460000,133485000,1.38471479
2024-12-03 08:32:00,133485000,133537000,133411000,133512000,5.12271577
2024-12-03 08:33:00,133512000,133537000,133412000,133420000,1.32781372
2024-12-03 08:34:00,133494000,133494000,133412000,133413000,0.80938354
2024-12-03 08:35:00,133413000,133450000,133413000,133414000,1.17130577
2024-12-03 08:36:00,133414000,133414000,133412000,133412000,1.122937
2024-12-03 08:37:00,133413000,133414000,133379000,133385000,1.92331208
2024-12-03 08:38:00,133386000,133414000,133350000,133351000,2.37015787
2024-12-03 08:39:00,133385000,133490000,133351000,133415000,0.85577561
2024-12-03 08:40:00,133414000,133415000,133310000,133310000,2.62269864
2024-12-03 08:41:00,133319000,133386000,133302000,133386000,2.86974083
2024-12-03 08:42:00,133386000,133386000,133301000,133382000,1.43045094
2024-12-03 08:43:00,133382000,133382000,133301000,133311000,0.74762961
2024-12-03 08:44:00,133311000,133380000,133300000,133301000,2.62595453
2024-12-03 08:45:00,133302000,133304000,133300000,133302000,1.04797591
2024-12-03 08:46:00,133302000,133382000,133300000,133382000,2.86792911
2024-12-03 08:47:00,133382000,133386000,133301000,133380000,1.21791903
2024-12-03 08:48:00,133380000,133382000,133300000,133378000,1.55516644
2024-12-03 08:49:00,133378000,133378000,133300000,133300000,2.19427425
2024-12-03 08:50:00,133300000,133373000,133292000,133293000,1.21923998
2024-12-03 08:51:00,133293000,133293000,133270000,133271000,1.57579965
2024-12-03 08:52:00,133271000,133278000,133270000,133278000,2.07795289
2024-12-03 08:53:00,133278000,133373000,133261000,133372000,2.29790335
2024-12-03 08:54:00,133372000,133372000,133280000,133370000,0.61336161
2024-12-03 08:55:00,133360000,133530000,133360000,133450000,2.13871545
2024-12-03 08:56:00,133480000,133530000,133450000,133524000,2.23004565
2024-12-03 08:57:00,133524000,133528000,133454000,133455000,1.70454285
2024-12-03 08:58:00,133528000,133530000,133455000,133455000,1.27813741
2024-12-03 08:59:00,133530000,133532000,133455000,133532000,2.27194507
2024-12-03 09:00:00,133532000,133536000,133461000,133500000,0.66751109
2024-12-03 09:01:00,133500000,133536000,133500000,133519000,1.5436749
2024-12-03 09:02:00,133519000,133519000,133500000,133500000,2.13115537
2024-12-03 09:03:00,133501000,133505000,133461000,133462000,1.2139914
2024-12-03 09:04:00,133499000,133505000,133458000,133501000,0.69196668
2024-12-03 09:05:00,133501000,133501000,133455000,133499000,1.8463006
2024-12-03 09:06:00,133499000,133499000,133455000,133464000,0.61300837
2024-12-03 09:07:00,133464000,133500000,133455000,133464000,0.65275597
2024-12-03 09:08:00,133464000,133499000,133462000,133494000,0.75533834
2024-12-03 09:09:00,133494000,133496000,133386000,133389000,1.63824152
2024-12-03 09:10:00,133389000,133389000,133384000,133386000,0.70902738
2024-12-03 09:11:00,133386000,133386000,133381000,133384000,1.64731806
2024-12-03 09:12:00,133385000,133386000,133381000,133384000,2.24157466
2024-12-03 09:13:00,133384000,133385000,133381000,133381000,0.85996028
2024-12-03 09:14:00,133382000,133382000,133363000,133363000,1.43592991
2024-12-03 09:15:00,133363000,133377000,133330000,133330000,0.69171009
2024-12-03 09:16:00,133343000,133345000,133329000,133343000,0.76712328
2024-12-03 09:17:00,133343000,133343000,133284000,133286000,1.54022527
2024-12-03 09:18:00,133286000,133286000,133253000,133253000,2.40394778
2024-12-03 09:19:00,133259000,133259000,133243000,133245000,2.90762653
2024-12-03 09:20:00,133247000,133247000,133243000,133247000,3.02079967
2024-12-03 09:21:00,133247000,133247000,133244000,133245000,1.70727463
2024-12-03 09:22:00,133245000,133246000,133239000,133240000,1.34619548
2024-12-03 09:23:00,133240000,133240000,133210000,133210000,1.11265475
2024-12-03 09:24:00,133218000,133224000,133200000,133206000,1.65205621
2024-12-03 09:25:00,133205000,133245000,133198000,133202000,3.18503067
2024-12-03 09:26:00,133245000,133246000,133198000,133210000,1.33127438
2024-12-03 09:27:00,133210000,133245000,133199000,133210000,1.09218897
2024-12-03 09:28:00,133210000,133210000,133196000,133210000,1.82032753
2024-12-03 09:29:00,133210000,133247000,133195000,133222000,3.41772454
2024-12-03 09:30:00,133222000,133247000,133196000,133244000,1.15466576
2024-12-03 09:31:00,133247000,133247000,133222000,133239000,1.49825902
2024-12-03 09:32:00,133244000,133245000,133200000,133243000,1.28323364
2024-12-03 09:33:00,133243000,133245000,133218000,133231000,1.05505976
2024-12-03 09:34:00,133241000,133251000,133223000,133251000,1.9095233
2024-12-03 09:35:00,133259000,133280000,133223000,133270000,2.01928219
2024-12-03 09:36:00,133267000,133280000,133200000,133269000,2.03844923
2024-12-03 09:37:00,133269000,133299000,133202000,133299000,1.34785667
2024-12-03 09:38:00,133299000,133300000,133259000,133300000,1.13355261
2024-12-03 09:39:00,133300000,133382000,133276000,133358000,1.54753901
2024-12-03 09:40:00,133350000,133380000,133302000,133380000,0.83437438
2024-12-03 09:41:00,133380000,133381000,133350000,133380000,1.32608977
2024-12-03 09:42:00,133380000,133380000,133350000,133350000,0.62679831
2024-12-03 09:43:00,133355000,133379000,133301000,133354000,1.33769562
2024-12-03 09:44:00,133353000,133355000,133295000,133300000,1.79305933
2024-12-03 09:45:00,133286000,133304000,133224000,133230000,0.8775957
2024-12-03 09:46:00,133300000,133300000,133224000,133300000,1.1619155
2024-12-03 09:47:00,133300000,133300000,133225000,133229000,0.62249739
2024-12-03 09:48:00,133229000,133298000,133229000,133298000,0.68090813
2024-12-03 09:49:00,133298000,133298000,133250000,133250000,2.61986049
2024-12-03 09:50:00,133291000,133291000,133230000,133235000,0.94385114
2024-12-03 09:51:00,133238000,133238000,133233000,133236000,0.85666387
2024-12-03 09:52:00,133236000,133238000,133234000,133236000,1.35831715
2024-12-03 09:53:00,133237000,133237000,133217000,133217000,4.07357587
2024-12-03 09:54:00,133217000,133234000,133216000,133234000,2.94285938
2024-12-03 09:55:00,133234000,133236000,133217000,133236000,3.66763933
2024-12-03 09:56:00,133236000,133238000,133211000,133238000,3.36575009
2024-12-03 09:57:00,133238000,133290000,133237000,133252000,2.3168459
2024-12-03 09:58:00,133290000,133291000,133237000,133252000,0.50680332
2024-12-03 09:59:00,133291000,133355000,133214000,133293000,3.86476961
2024-12-03 10:00:00,133293000,133498000,133239000,133490000,7.0900876
2024-12-03 10:01:00,133490000,133490000,133365000,133461000,0.49002046
2024-12-03 10:02:00,133461000,133462000,133371000,133405000,0.97733699
2024-12-03 10:03:00,133403000,133460000,133371000,133372000,1.41096728
2024-12-03 10:04:00,133371000,133372000,133316000,133320000,1.14138701
2024-12-03 10:05:00,133320000,133320000,133316000,133320000,2.08677539
2024-12-03 10:06:00,133320000,133320000,133315000,133316000,1.40184209
2024-12-03 10:07:00,133317000,133320000,133296000,133318000,1.08757773
2024-12-03 10:08:00,133310000,133320000,133310000,133318000,0.41981135
2024-12-03 10:09:00,133318000,133319000,133308000,133312000,0.92371079
2024-12-03 10:10:00,133312000,133317000,133300000,133317000,1.66411436
2024-12-03 10:11:00,133317000,133325000,133300000,133324000,4.41042782
2024-12-03 10:12:00,133324000,133324000,133317000,133318000,1.92759828
2024-12-03 10:13:00,133324000,133350000,133317000,133350000,1.53615438
2024-12-03 10:14:00,133350000,133375000,133328000,133351000,2.44782321
2024-12-03 10:15:00,133351000,133370000,133350000,133352000,0.97691063
2024-12-03 10:16:00,133352000,133440000,133351000,133399000,0.89642813
2024-12-03 10:17:00,133400000,133400000,133381000,133381000,1.20152951
2024-12-03 10:18:00,133382000,133383000,133380000,133383000,1.19984712
2024-12-03 10:19:00,133383000,133383000,133352000,133353000,1.00433737
2024-12-03 10:20:00,133355000,133355000,133347000,133349000,1.55128323
2024-12-03 10:21:00,133349000,133351000,133301000,133310000,1.19412958
2024-12-03 10:22:00,133310000,133310000,133290000,133290000,1.05859878
2024-12-03 10:23:00,133290000,133290000,133277000,133279000,1.04040897
2024-12-03 10:24:00,133279000,133279000,133226000,133250000,1.99139277
2024-12-03 10:25:00,133250000,133250000,133237000,133250000,3.70348567
2024-12-03 10:26:00,133250000,133250000,133226000,133239000,3.59140708
2024-12-03 10:27:00,133239000,133239000,133225000,133226000,1.27490073
2024-12-03 10:28:00,133225000,133227000,133214000,133221000,1.65292596
2024-12-03 10:29:00,133221000,133226000,133195000,133195000,3.74748397
2024-12-03 10:30:00,133199000,133210000,133195000,133200000,2.40950224
2024-12-03 10:31:00,133200000,133212000,133198000,133198000,2.50895037
2024-12-03 10:32:00,133211000,133212000,133198000,133211000,1.20518658
2024-12-03 10:33:00,133211000,133211000,133197000,133204000,1.21149984
2024-12-03 10:34:00,133210000,133212000,133200000,133212000,1.13422707
2024-12-03 10:35:00,133212000,133212000,133204000,133204000,1.76440609
2024-12-03 10:36:00,133210000,133212000,133197000,133209000,1.97662528
2024-12-03 10:37:00,133211000,133212000,133193000,133208000,2.04858364
2024-12-03 10:38:00,133208000,133220000,133192000,133196000,1.37176736
2024-12-03 10:39:00,133220000,133220000,133187000,133193000,2.20314637
2024-12-03 10:40:00,133196000,133196000,133185000,133186000,1.66294801
2024-12-03 10:41:00,133193000,133196000,133182000,133195000,2.03763037
2024-12-03 10:42:00,133195000,133199000,133190000,133191000,0.92643893
2024-12-03 10:43:00,133190000,133200000,133187000,133197000,1.16123309
2024-12-03 10:44:00,133197000,133341000,133189000,133341000,2.63658122
2024-12-03 10:45:00,133340000,133442000,133340000,133441000,1.22892008
2024-12-03 10:46:00,133441000,133443000,133400000,133442000,1.47729101
2024-12-03 10:47:00,133443000,133451000,133442000,133449000,1.52222418
2024-12-03 10:48:00,133450000,133499000,133441000,133498000,1.57327739
2024-12-03 10:49:00,133498000,133499000,133439000,133450000,1.56685158
2024-12-03 10:50:00,133449000,133450000,133069000,133098000,11.59368267
2024-12-03 10:51:00,133098000,133098000,133022000,133024000,4.20746467
2024-12-03 10:52:00,133024000,133100000,133015000,133019000,6.06455366
2024-12-03 10:53:00,133100000,133116000,133019000,133040000,4.57328824
2024-12-03 10:54:00,133038000,133112000,133015000,133026000,7.56730119
2024-12-03 10:55:00,133109000,133109000,133000000,133004000,14.43200139
2024-12-03 10:56:00,133004000,133004000,132705000,132791000,17.70707026
2024-12-03 10:57:00,132791000,132984000,132700000,132857000,11.72900067
2024-12-03 10:58:00,132828000,132956000,132791000,132813000,3.83176313
2024-12-03 10:59:00,132837000,132837000,132770000,132770000,4.68580244
2024-12-03 11:00:00,132774000,132952000,132768000,132895000,16.02675437
2024-12-03 11:01:00,132952000,133109000,132845000,133001000,4.37429718
2024-12-03 11:02:00,133001000,133083000,132895000,132904000,1.82324354
2024-12-03 11:03:00,132944000,132996000,132900000,132901000,2.29853799
2024-12-03 11:04:00,132998000,132998000,132900000,132916000,1.42334631
2024-12-03 11:05:00,132982000,133001000,132916000,133001000,2.26649225
2024-12-03 11:06:00,133001000,133098000,132945000,133010000,1.92774815
2024-12-03 11:07:00,133010000,133138000,133000000,133130000,1.34969348
2024-12-03 11:08:00,133138000,133339000,133130000,133300000,1.76870933
2024-12-03 11:09:00,133300000,133339000,133170000,133176000,1.49404673
2024-12-03 11:10:00,133185000,133264000,133176000,133264000,3.21758706
2024-12-03 11:11:00,133187000,133264000,133175000,133240000,1.24629429
2024-12-03 11:12:00,133179000,133263000,133177000,133224000,2.08680323
2024-12-03 11:13:00,133224000,133224000,133138000,133174000,2.99857733
2024-12-03 11:14:00,133148000,133223000,133138000,133139000,1.67960816
2024-12-03 11:15:00,133140000,133140000,133001000,133015000,1.92337905
2024-12-03 11:16:00,133084000,133084000,133005000,133005000,1.27140549
2024-12-03 11:17:00,133035000,133084000,133005000,133015000,1.3699381
2024-12-03 11:18:00,133015000,133084000,133001000,133014000,1.05922294
2024-12-03 11:19:00,133084000,133084000,133014000,133015000,1.55850928
2024-12-03 11:20:00,133017000,133020000,133014000,133014000,1.19736081
2024-12-03 11:21:00,133014000,133020000,132950000,133007000,3.38483217
2024-12-03 11:22:00,133007000,133090000,133000000,133090000,2.11278025
2024-12-03 11:23:00,133090000,133090000,133012000,133090000,2.06615154
2024-12-03 11:24:00,133090000,133135000,133073000,133135000,3.60695639
2024-12-03 11:25:00,133115000,133148000,133012000,133113000,1.76372798
2024-12-03 11:26:00,133113000,133115000,133000000,133001000,3.11470452
2024-12-03 11:27:00,133013000,133013000,132970000,132970000,4.9632069
2024-12-03 11:28:00,132974000,133001000,132955000,132962000,2.34912078
2024-12-03 11:29:00,132955000,132983000,132898000,132975000,4.22530883
2024-12-03 11:30:00,132975000,132983000,132819000,132819000,3.41759258
2024-12-03 11:31:00,132822000,132836000,132770000,132775000,5.50925303
2024-12-03 11:32:00,132775000,132783000,132594000,132594000,14.3292028
2024-12-03 11:33:00,132594000,132661000,132500000,132587000,12.11032458
2024-12-03 11:34:00,132651000,132700000,132587000,132652000,4.5746206
2024-12-03 11:35:00,132692000,132700000,132640000,132647000,5.33051617
2024-12-03 11:36:00,132647000,132810000,132592000,132810000,5.18101115
2024-12-03 11:37:00,132810000,132827000,132709000,132747000,2.52915679
2024-12-03 11:38:00,132747000,132870000,132704000,132716000,5.87590952
2024-12-03 11:39:00,132716000,132721000,132611000,132618000,4.68823845
2024-12-03 11:40:00,132643000,132695000,132600000,132639000,5.69022644
2024-12-03 11:41:00,132640000,132724000,132610000,132639000,8.38347116
2024-12-03 11:42:00,132678000,132737000,132615000,132616000,8.52172632
2024-12-03 11:43:00,132616000,132639000,132615000,132638000,3.51674555
2024-12-03 11:44:00,132639000,132639000,132614000,132614000,4.3240661
2024-12-03 11:45:00,132614000,132616000,132590000,132590000,6.68130645
2024-12-03 11:46:00,132590000,132592000,132555000,132567000,5.30453544
2024-12-03 11:47:00,132567000,132568000,132523000,132523000,3.31201893
2024-12-03 11:48:00,132546000,132546000,132519000,132520000,4.11660021
2024-12-03 11:49:00,132520000,132523000,132504000,132508000,2.97798641
2024-12-03 11:50:00,132505000,132508000,132500000,132500000,10.22504062
2024-12-03 11:51:00,132500000,132721000,132500000,132674000,8.98013394
2024-12-03 11:52:00,132720000,132721000,132614000,132623000,3.29952793
2024-12-03 11:53:00,132623000,132709000,132620000,132623000,2.53232498
2024-12-03 11:54:00,132623000,132777000,132623000,132652000,2.82163159
2024-12-03 11:55:00,132652000,132774000,132621000,132659000,3.89714133
2024-12-03 11:56:00,132658000,132774000,132555000,132555000,8.3031984
2024-12-03 11:57:00,132718000,132730000,132501000,132536000,11.59206865
2024-12-03 11:58:00,132536000,132659000,132501000,132501000,10.28903834
2024-12-03 11:59:00,132501000,132652000,132501000,132511000,5.94787304
2024-12-03 12:00:00,132511000,132613000,132505000,132509000,10.82659981
2024-12-03 12:01:00,132509000,132511000,132493000,132493000,23.03891746
2024-12-03 12:02:00,132495000,132499000,132400000,132400000,10.08743582
2024-12-03 12:03:00,132400000,132401000,132338000,132350000,9.11982318
2024-12-03 12:04:00,132352000,132414000,132350000,132360000,7.15261154
2024-12-03 12:05:00,132350000,132393000,132331000,132334000,7.42100183
2024-12-03 12:06:00,132333000,132380000,132331000,132342000,4.62115632
2024-12-03 12:07:00,132342000,132350000,132333000,132336000,3.07595905
2024-12-03 12:08:00,132340000,132340000,132333000,132335000,2.76335663
2024-12-03 12:09:00,132333000,132420000,132333000,132361000,9.70950996
2024-12-03 12:10:00,132390000,132409000,132332000,132340000,4.96235145
2024-12-03 12:11:00,132339000,132428000,132338000,132394000,2.92800434
2024-12-03 12:12:00,132418000,132567000,132375000,132426000,16.10897793
2024-12-03 12:13:00,132426000,132478000,132425000,132426000,11.76076318
2024-12-03 12:14:00,132426000,132565000,132425000,132426000,6.49719525
2024-12-03 12:15:00,132426000,132426000,132423000,132424000,5.47211711
2024-12-03 12:16:00,132424000,132426000,132332000,132338000,7.56849064
2024-12-03 12:17:00,132338000,132476000,132331000,132358000,5.58099213
2024-12-03 12:18:00,132426000,132600000,132363000,132545000,4.46204469
2024-12-03 12:19:00,132545000,132600000,132427000,132600000,3.66637413
2024-12-03 12:20:00,132600000,132600000,132500000,132526000,4.5475714
2024-12-03 12:21:00,132589000,132590000,132480000,132545000,2.35894845
2024-12-03 12:22:00,132544000,132716000,132515000,132699000,5.55075039
2024-12-03 12:23:00,132699000,132700000,132686000,132700000,2.87515198
2024-12-03 12:24:00,132700000,132700000,132653000,132657000,1.97465521
2024-12-03 12:25:00,132657000,132685000,132596000,132622000,2.33634075
2024-12-03 12:26:00,132607000,132655000,132556000,132599000,2.9496052
2024-12-03 12:27:00,132599000,132599000,132501000,132561000,2.236198
2024-12-03 12:28:00,132561000,132599000,132559000,132599000,1.94493978
2024-12-03 12:29:00,132599000,132599000,132562000,132562000,1.44802406
2024-12-03 12:30:00,132561000,132598000,132560000,132563000,2.01868043
2024-12-03 12:31:00,132564000,132570000,132508000,132508000,2.35673367
2024-12-03 12:32:00,132511000,132556000,132505000,132549000,0.99430604
2024-12-03 12:33:00,132512000,132559000,132501000,132550000,2.51331449
2024-12-03 12:34:00,132557000,132559000,132517000,132550000,2.96255261
2024-12-03 12:35:00,132530000,132550000,132500000,132550000,6.71137133
2024-12-03 12:36:00,132550000,132561000,132500000,132559000,6.02501482
2024-12-03 12:37:00,132561000,132561000,132550000,132556000,1.42654555
2024-12-03 12:38:00,132556000,132559000,132538000,132549000,2.30673674
2024-12-03 12:39:00,132558000,132568000,132547000,132568000,3.02885448
2024-12-03 12:40:00,132567000,132601000,132566000,132570000,1.53008584
2024-12-03 12:41:00,132571000,132680000,132571000,132638000,2.29745478
2024-12-03 12:42:00,132638000,132700000,132605000,132680000,5.15630355
2024-12-03 12:43:00,132680000,132865000,132641000,132723000,4.52626427
2024-12-03 12:44:00,132723000,132866000,132714000,132718000,4.56903006
2024-12-03 12:45:00,132835000,132851000,132718000,132813000,1.37527169
2024-12-03 12:46:00,132813000,132813000,132718000,132720000,1.2818332
2024-12-03 12:47:00,132746000,132811000,132720000,132720000,2.06317118
2024-12-03 12:48:00,132720000,132724000,132716000,132717000,6.80561887
2024-12-03 12:49:00,132716000,132723000,132716000,132721000,1.97495729
2024-12-03 12:50:00,132721000,132722000,132706000,132721000,3.68273095
2024-12-03 12:51:00,132721000,132781000,132646000,132655000,8.35835866
2024-12-03 12:52:00,132720000,132720000,132614000,132635000,1.68695714
2024-12-03 12:53:00,132635000,132636000,132600000,132607000,2.85515213
2024-12-03 12:54:00,132607000,132624000,132590000,132600000,2.683672
2024-12-03 12:55:00,132599000,132716000,132590000,132665000,3.83709258
2024-12-03 12:56:00,132712000,132817000,132666000,132786000,4.44580427
2024-12-03 12:57:00,132791000,132792000,132713000,132714000,2.18385581
2024-12-03 12:58:00,132771000,132771000,132714000,132770000,1.40411226
2024-12-03 12:59:00,132716000,132770000,132713000,132715000,2.84466498
2024-12-03 13:00:00,132715000,132770000,132693000,132715000,3.78019971
2024-12-03 13:01:00,132718000,132762000,132614000,132715000,1.51981403
2024-12-03 13:02:00,132715000,132715000,132635000,132652000,1.69123818
2024-12-03 13:03:00,132651000,132699000,132650000,132652000,3.15681041
2024-12-03 13:04:00,132650000,132715000,132627000,132631000,3.30608117
2024-12-03 13:05:00,132631000,132713000,132609000,132699000,2.68345548
2024-12-03 13:06:00,132699000,132700000,132607000,132608000,2.53542765
2024-12-03 13:07:00,132608000,132645000,132602000,132645000,3.23688228
2024-12-03 13:08:00,132645000,132697000,132611000,132671000,2.06268312
2024-12-03 13:09:00,132673000,132700000,132612000,132644000,3.71941255
2024-12-03 13:10:00,132644000,132674000,132620000,132644000,1.69220248
2024-12-03 13:11:00,132672000,132672000,132598000,132650000,5.03983315
2024-12-03 13:12:00,132650000,132652000,132587000,132588000,2.63068544
2024-12-03 13:13:00,132587000,132588000,132566000,132566000,4.11539376
2024-12-03 13:14:00,132567000,132587000,132566000,132571000,2.44600115
2024-12-03 13:15:00,132571000,132587000,132570000,132587000,2.44035065
2024-12-03 13:16:00,132587000,132589000,132567000,132570000,7.9526389
2024-12-03 13:17:00,132588000,132588000,132566000,132570000,3.68937122
2024-12-03 13:18:00,132570000,132612000,132536000,132561000,5.57441407
2024-12-03 13:19:00,132581000,132581000,132511000,132511000,4.1096751
2024-12-03 13:20:00,132513000,132561000,132450000,132491000,4.72515353
2024-12-03 13:21:00,132491000,132521000,132429000,132500000,4.21941074
2024-12-03 13:22:00,132500000,132560000,132464000,132556000,2.20814264
2024-12-03 13:23:00,132556000,132556000,132504000,132516000,1.5493844
2024-12-03 13:24:00,132516000,132554000,132507000,132516000,3.33882018
2024-12-03 13:25:00,132516000,132600000,132515000,132600000,5.01202614
2024-12-03 13:26:00,132600000,132649000,132520000,132594000,1.257078
2024-12-03 13:27:00,132594000,132647000,132518000,132533000,2.90938345
2024-12-03 13:28:00,132533000,132599000,132518000,132559000,2.64284107
2024-12-03 13:29:00,132546000,132559000,132508000,132513000,4.90667101
2024-12-03 13:30:00,132513000,132514000,132438000,132442000,5.44096882
2024-12-03 13:31:00,132442000,132502000,132316000,132328000,12.10213165
2024-12-03 13:32:00,132327000,132333000,132228000,132228000,18.99433815
2024-12-03 13:33:00,132231000,132232000,132000000,132000000,39.34138846
2024-12-03 13:34:00,132000000,132002000,131550000,131551000,45.51364481
2024-12-03 13:35:00,131576000,131690000,131008000,131040000,78.73431982
2024-12-03 13:36:00,131040000,131175000,130709000,130784000,93.97834871
2024-12-03 13:37:00,130783000,131252000,130526000,130704000,136.56916239
2024-12-03 13:38:00,130705000,131049000,130000000,130097000,117.33351335
2024-12-03 13:39:00,130097000,130308000,129800000,129800000,142.02892608
2024-12-03 13:40:00,129850000,129900000,128920000,128965000,98.06729016
2024-12-03 13:41:00,128965000,128976000,128000000,128000000,117.59255022
2024-12-03 13:42:00,128000000,128600000,127646000,128600000,183.15031771
2024-12-03 13:43:00,128409000,131850000,128400000,131479000,191.50404814
2024-12-03 13:44:00,131566000,131857000,130028000,130301000,94.3405207
2024-12-03 13:45:00,130300000,130660000,129887000,130296000,68.92651487
2024-12-03 13:46:00,130296000,130340000,129669000,129791000,64.37937829
2024-12-03 13:47:00,129791000,129800000,128500000,128500000,71.54456296
2024-12-03 13:48:00,128648000,128700000,127928000,127994000,102.4404246
2024-12-03 13:49:00,127992000,127994000,127580000,127596000,101.64113512
2024-12-03 13:50:00,127596000,127623000,127165000,127165000,93.76060419
2024-12-03 13:51:00,127186000,127198000,126077000,126077000,119.60639067
2024-12-03 13:52:00,126077000,126144000,123925000,123993000,177.29567521
2024-12-03 13:53:00,123993000,124000000,120339000,120395000,206.52208274
2024-12-03 13:54:00,120400000,120414000,113039000,113340000,245.61461629
2024-12-03 13:55:00,113203000,113203000,103400000,103952000,365.61545936
2024-12-03 13:56:00,103952000,104296000,94000000,94000000,439.21127606
2024-12-03 13:57:00,94246000,94850000,88266000,93509000,447.07994244
2024-12-03 13:58:00,93117000,118559000,93070000,116450000,350.10676657
2024-12-03 13:59:00,116450000,116450000,115400000,116450000,3.16296183
2024-12-03 14:00:00,115400000,116611000,115030000,115355000,9.23444135
2024-12-03 14:01:00,115335000,119455000,115030000,119118000,11.52519461
2024-12-03 14:02:00,119455000,119944000,118384000,119504000,7.9792382
2024-12-03 14:03:00,119689000,120806000,119098000,120806000,13.53625178
2024-12-03 14:04:00,120806000,121812000,120100000,121758000,12.81320578
2024-12-03 14:05:00,121758000,122412000,121700000,122412000,6.73555988
2024-12-03 14:06:00,122413000,123269000,122018000,122997000,15.21956267
2024-12-03 14:07:00,123269000,124000000,122997000,123600000,14.22063037
2024-12-03 14:08:00,124000000,130965000,123700000,130034000,148.77135504
2024-12-03 14:09:00,130034000,132000000,129900000,130551000,188.30089853
2024-12-03 14:10:00,130551000,130966000,129400000,129788000,118.88642083
2024-12-03 14:11:00,130272000,130564000,129273000,129280000,120.30836908
2024-12-03 14:12:00,129280000,129565000,125500000,125860000,86.16288589
2024-12-03 14:13:00,125525000,126077000,124357000,125393000,129.85575373
2024-12-03 14:14:00,125393000,130000000,125243000,129974000,137.18360579
2024-12-03 14:15:00,129974000,130010000,129570000,129901000,136.33562499
2024-12-03 14:16:00,129788000,130500000,129775000,130360000,104.99483165
2024-12-03 14:17:00,130360000,130740000,130141000,130552000,63.78753083
2024-12-03 14:18:00,130552000,130740000,130500000,130654000,67.91710112
2024-12-03 14:19:00,130654000,130722000,129546000,129546000,109.74112838
2024-12-03 14:20:00,129635000,129732000,123404000,123527000,121.54213936
2024-12-03 14:21:00,123527000,128182000,122734000,127636000,134.81972398
2024-12-03 14:22:00,127636000,129904000,127000000,127655000,98.81783197
2024-12-03 14:23:00,127655000,128974000,125502000,127999000,73.03588688
2024-12-03 14:24:00,127935000,128575000,127570000,128575000,51.74862152
2024-12-03 14:25:00,128551000,129500000,128003000,129375000,61.71349111
2024-12-03 14:26:00,129131000,129500000,128243000,128669000,51.62921169
2024-12-03 14:27:00,128669000,129298000,128669000,129087000,46.71121078
2024-12-03 14:28:00,129087000,129268000,128535000,128571000,38.2683744
2024-12-03 14:29:00,128571000,128604000,128044000,128088000,36.34424277
2024-12-03 14:30:00,128044000,128088000,127560000,127600000,49.1399326
2024-12-03 14:31:00,127570000,127683000,125500000,125822000,75.73041791
2024-12-03 14:32:00,125822000,125849000,122770000,122855000,105.40280705
2024-12-03 14:33:00,122855000,122888000,118000000,118733000,146.36427058
2024-12-03 14:34:00,118711000,118996000,116600000,116986000,173.75947031
2024-12-03 14:35:00,116990000,127100000,116862000,125463000,222.95896014
2024-12-03 14:36:00,125463000,125958000,123000000,123665000,108.5618357
2024-12-03 14:37:00,123665000,124200000,122996000,124000000,83.8528756
2024-12-03 14:38:00,124000000,125170000,123665000,125000000,94.43738338
2024-12-03 14:39:00,125000000,127272000,124205000,127122000,81.45820885
2024-12-03 14:40:00,127121000,127998000,126681000,127904000,87.93727581
2024-12-03 14:41:00,127904000,127908000,127677000,127710000,61.43685314
2024-12-03 14:42:00,127710000,127710000,124965000,125120000,77.35757928
2024-12-03 14:43:00,125120000,126697000,125000000,126183000,61.16963013
2024-12-03 14:44:00,126182000,127000000,126158000,126757000,50.32887803
2024-12-03 14:45:00,126757000,127925000,126624000,127904000,70.33650358
2024-12-03 14:46:00,127863000,128970000,127860000,128900000,70.55471028
2024-12-03 14:47:00,128950000,129000000,128000000,128182000,100.48661621
2024-12-03 14:48:00,128323000,128509000,128180000,128447000,65.6538855
2024-12-03 14:49:00,128444000,129000000,128323000,128988000,66.7087708
2024-12-03 14:50:00,128988000,129017000,128815000,129000000,93.72129346
2024-12-03 14:51:00,128999000,129005000,128226000,128269000,83.83470388
2024-12-03 14:52:00,128269000,128285000,127009000,127149000,65.68529073
2024-12-03 14:53:00,127149000,127210000,126896000,126973000,54.52896798
2024-12-03 14:54:00,126973000,126973000,126490000,126510000,52.45962752
2024-12-03 14:55:00,126511000,127005000,126458000,127003000,82.95324142
2024-12-03 14:56:00,127003000,127863000,126976000,127863000,51.89245352
2024-12-03 14:57:00,127867000,128340000,127180000,127706000,64.79112945
2024-12-03 14:58:00,127706000,128094000,127635000,128016000,48.36534549
2024-12-03 14:59:00,128016000,128295000,127860000,128257000,50.0819155
2024-12-03 15:00:00,128257000,128295000,128147000,128200000,38.92042213
2024-12-03 15:01:00,128200000,128923000,128150000,128922000,46.04909422
2024-12-03 15:02:00,128814000,129890000,128737000,129860000,65.81493877
2024-12-03 15:03:00,129866000,130000000,129860000,129988000,90.15244327
2024-12-03 15:04:00,129988000,129998000,128600000,129050000,82.99475322
2024-12-03 15:05:00,129052000,129293000,128715000,128996000,56.90922919
2024-12-03 15:06:00,128990000,129985000,128967000,129985000,49.5856971
2024-12-03 15:07:00,129979000,130000000,129196000,129370000,71.62692844
2024-12-03 15:08:00,129430000,129900000,129174000,129730000,40.95193082
2024-12-03 15:09:00,129728000,129772000,129700000,129715000,30.26591178
2024-12-03 15:10:00,129718000,129729000,129708000,129718000,34.77396502
2024-12-03 15:11:00,129721000,129733000,129700000,129705000,43.44058411
2024-12-03 15:12:00,129705000,129705000,129500000,129500000,28.53866378
2024-12-03 15:13:00,129584000,129584000,129402000,129454000,29.78357085
2024-12-03 15:14:00,129454000,129465000,128997000,129000000,38.54784517
2024-12-03 15:15:00,129001000,129001000,128661000,128665000,36.45889209
2024-12-03 15:16:00,128665000,128688000,127950000,127971000,42.72038955
2024-12-03 15:17:00,127971000,127971000,127668000,127850000,57.2267633
2024-12-03 15:18:00,127852000,128890000,127706000,128598000,75.62570225
2024-12-03 15:19:00,128867000,128867000,128000000,128021000,37.80262128
2024-12-03 15:20:00,128021000,128025000,127971000,127982000,32.23026078
2024-12-03 15:21:00,127983000,128393000,127972000,128190000,42.42369689
2024-12-03 15:22:00,128187000,129300000,128187000,129203000,32.98213689
2024-12-03 15:23:00,129230000,129500000,128957000,129238000,50.12178927
2024-12-03 15:24:00,129238000,129800000,129105000,129766000,43.34881903
2024-12-03 15:25:00,129778000,129997000,129766000,129974000,42.76395737
2024-12-03 15:26:00,129974000,129990000,128688000,128920000,46.73043121
2024-12-03 15:27:00,128920000,129721000,128565000,129721000,39.99977076
2024-12-03 15:28:00,129705000,129765000,129434000,129741000,33.79281037
2024-12-03 15:29:00,129741000,129765000,129600000,129664000,33.75470115
2024-12-03 15:30:00,129673000,129980000,129610000,129967000,35.76017781
2024-12-03 15:31:00,129967000,129995000,129907000,129981000,37.24441864
2024-12-03 15:32:00,129981000,129999000,129907000,129998000,35.86497665
2024-12-03 15:33:00,129997000,130355000,129981000,130300000,84.65263815
2024-12-03 15:34:00,130300000,130895000,130227000,130891000,79.94751722
2024-12-03 15:35:00,130891000,131850000,130622000,131850000,69.16490133
2024-12-03 15:36:00,131800000,132000000,131405000,131405000,77.90331739
2024-12-03 15:37:00,131440000,131440000,130882000,131310000,68.11383286
2024-12-03 15:38:00,131000000,132002000,130999000,132000000,82.76454711
2024-12-03 15:39:00,132000000,132450000,131867000,132432000,57.68743532
2024-12-03 15:40:00,132432000,132760000,132410000,132581000,71.03614844
2024-12-03 15:41:00,132581000,132758000,132400000,132702000,53.74544036
2024-12-03 15:42:00,132702000,132749000,130731000,130795000,54.48211921
2024-12-03 15:43:00,130795000,130860000,129600000,130535000,103.73480239
2024-12-03 15:44:00,130794000,131650000,130534000,131487000,51.23631847
2024-12-03 15:45:00,131468000,131487000,130550000,131042000,54.42589906
2024-12-03 15:46:00,131042000,131210000,130573000,131194000,35.17132849
2024-12-03 15:47:00,131194000,131240000,130550000,130633000,32.51950201
2024-12-03 15:48:00,130633000,131944000,130633000,131720000,42.04925996
2024-12-03 15:49:00,131868000,131997000,131720000,131726000,44.36729536
2024-12-03 15:50:00,131721000,131838000,131161000,131300000,31.43208017
2024-12-03 15:51:00,131202000,131724000,131074000,131574000,28.64616778
2024-12-03 15:52:00,131665000,131721000,131572000,131643000,19.09872247
2024-12-03 15:53:00,131640000,131662000,131579000,131595000,19.50704643
2024-12-03 15:54:00,131596000,131671000,131574000,131640000,26.48360669
2024-12-03 15:55:00,131666000,131814000,131592000,131800000,22.96120612
2024-12-03 15:56:00,131806000,131817000,131717000,131806000,26.72022199
2024-12-03 15:57:00,131806000,132274000,131737000,132100000,51.07677232
2024-12-03 15:58:00,132140000,132700000,132099000,132685000,46.3342322
2024-12-03 15:59:00,132621000,132700000,132359000,132519000,46.49197559
2024-12-03 16:00:00,132514000,132779000,132500000,132778000,65.07888304
2024-12-03 16:01:00,132778000,133595000,132760000,133592000,90.29059001
2024-12-03 16:02:00,133592000,134164000,133592000,133602000,143.33182676
2024-12-03 16:03:00,133749000,133962000,132826000,133100000,86.6458639
2024-12-03 16:04:00,133101000,133334000,132826000,132984000,64.21939106
2024-12-03 16:05:00,132998000,133298000,132895000,133298000,42.64669336
2024-12-03 16:06:00,133290000,134166000,133290000,134121000,68.03134117
2024-12-03 16:07:00,134121000,134167000,133500000,133736000,71.59641476
2024-12-03 16:08:00,133736000,133885000,133401000,133500000,44.52246589
2024-12-03 16:09:00,133492000,133898000,133397000,133875000,45.73409083
2024-12-03 16:10:00,133878000,133990000,133868000,133952000,34.16587413
2024-12-03 16:11:00,133952000,134138000,133907000,133950000,53.48986154
2024-12-03 16:12:00,133908000,133969000,133579000,133794000,47.47441759
2024-12-03 16:13:00,133747000,133938000,133654000,133806000,26.23600032
2024-12-03 16:14:00,133803000,133806000,133470000,133500000,26.9963172
2024-12-03 16:15:00,133539000,133580000,132943000,132984000,42.07446053
2024-12-03 16:16:00,132984000,133131000,132653000,132666000,34.83280821
2024-12-03 16:17:00,132666000,132688000,131950000,132022000,51.44239879
2024-12-03 16:18:00,132011000,132485000,131989000,132483000,58.21064139
2024-12-03 16:19:00,132483000,133002000,132340000,132700000,38.91649236
2024-12-03 16:20:00,132700000,133000000,132600000,132878000,24.47691258
2024-12-03 16:21:00,132878000,132975000,132860000,132877000,14.47781092
2024-12-03 16:22:00,132878000,132878000,132860000,132878000,13.2081919
2024-12-03 16:23:00,132876000,133000000,132869000,132999000,19.76502483
2024-12-03 16:24:00,132999000,133233000,132936000,133199000,24.04961634
2024-12-03 16:25:00,133141000,133200000,132860000,133082000,22.7907673
2024-12-03 16:26:00,133082000,133233000,133050000,133231000,17.54187764
2024-12-03 16:27:00,133231000,133476000,133207000,133440000,11.1654195
2024-12-03 16:28:00,133476000,133814000,133440000,133650000,22.37621437
2024-12-03 16:29:00,133592000,133695000,133500000,133502000,20.05980158
2024-12-03 16:30:00,133502000,133551000,133500000,133526000,17.9989905
2024-12-03 16:31:00,133546000,133548000,133515000,133520000,18.29468973
2024-12-03 16:32:00,133519000,133520000,132900000,133116000,20.81751431
2024-12-03 16:33:00,133114000,133365000,133070000,133290000,12.82754087
2024-12-03 16:34:00,133290000,133344000,133290000,133317000,10.00414337
2024-12-03 16:35:00,133317000,133342000,133305000,133305000,9.5007383
2024-12-03 16:36:00,133306000,133307000,133139000,133189000,22.11632075
2024-12-03 16:37:00,133189000,133208000,132857000,132865000,15.69896541
2024-12-03 16:38:00,132865000,132993000,132858000,132858000,17.92731441
2024-12-03 16:39:00,132908000,132908000,132500000,132539000,21.84946057
2024-12-03 16:40:00,132594000,132908000,132500000,132682000,16.51257091
2024-12-03 16:41:00,132682000,132908000,132592000,132908000,13.8179197
2024-12-03 16:42:00,132895000,132980000,132710000,132711000,12.31485628
2024-12-03 16:43:00,132711000,132894000,132643000,132893000,19.01366207
2024-12-03 16:44:00,132893000,133012000,132893000,132986000,15.09102767
2024-12-03 16:45:00,132994000,133208000,132985000,133140000,15.28886832
2024-12-03 16:46:00,133002000,133207000,132869000,132888000,8.4501245
2024-12-03 16:47:00,132888000,132955000,132507000,132681000,20.68396168
2024-12-03 16:48:00,132600000,132681000,132527000,132631000,9.46806915
2024-12-03 16:49:00,132630000,132869000,132590000,132700000,6.77869056
2024-12-03 16:50:00,132741000,132756000,132500000,132500000,12.52169793
2024-12-03 16:51:00,132500000,132549000,132200000,132307000,17.21555501
2024-12-03 16:52:00,132307000,132349000,132000000,132060000,17.03093807
2024-12-03 16:53:00,132028000,132500000,132023000,132400000,27.46383704
2024-12-03 16:54:00,132452000,132550000,132400000,132550000,6.98625945
2024-12-03 16:55:00,132550000,132581000,132540000,132540000,10.05819033
2024-12-03 16:56:00,132551000,132670000,132540000,132609000,10.18054759
2024-12-03 16:57:00,132639000,132670000,132541000,132543000,7.99637262
2024-12-03 16:58:00,132543000,132641000,132542000,132619000,4.31344997
2024-12-03 16:59:00,132619000,132637000,132540000,132635000,6.94418832
2024-12-03 17:00:00,132611000,132650000,132537000,132598000,11.37607441
2024-12-03 17:01:00,132598000,132599000,132201000,132201000,11.56156622
2024-12-03 17:02:00,132319000,132393000,132193000,132201000,12.07417501
2024-12-03 17:03:00,132201000,132297000,132194000,132295000,11.10914734
2024-12-03 17:04:00,132296000,132297000,132201000,132295000,8.80193855
2024-12-03 17:05:00,132295000,132301000,132201000,132281000,8.01018122
2024-12-03 17:06:00,132281000,132319000,132186000,132188000,10.92632047
2024-12-03 17:07:00,132188000,132282000,131976000,131995000,18.25331703
2024-12-03 17:08:00,131992000,131995000,131704000,131729000,15.95842895
2024-12-03 17:09:00,131729000,131902000,131697000,131901000,13.04178642
2024-12-03 17:10:00,131901000,132064000,131850000,132020000,10.03484502
2024-12-03 17:11:00,132064000,132116000,131968000,132068000,7.14585908
2024-12-03 17:12:00,132068000,132288000,132068000,132259000,6.59385099
2024-12-03 17:13:00,132259000,132328000,132150000,132208000,4.86046196
2024-12-03 17:14:00,132208000,132320000,132204000,132271000,5.92929583
2024-12-03 17:15:00,132271000,132365000,132205000,132365000,8.75446231
2024-12-03 17:16:00,132365000,132596000,132332000,132453000,8.48899849
2024-12-03 17:17:00,132410000,132568000,132410000,132528000,4.75289871
2024-12-03 17:18:00,132528000,132652000,132507000,132648000,4.77348912
2024-12-03 17:19:00,132652000,132700000,132407000,132599000,9.56958132
2024-12-03 17:20:00,132599000,132600000,132420000,132584000,5.3322008
2024-12-03 17:21:00,132599000,132600000,132400000,132412000,6.524405
2024-12-03 17:22:00,132412000,132499000,132300000,132405000,7.70205822
2024-12-03 17:23:00,132405000,132412000,132221000,132300000,8.05466172
2024-12-03 17:24:00,132300000,132300000,132183000,132183000,7.21758373
2024-12-03 17:25:00,132182000,132182000,132000000,132066000,8.33114085
2024-12-03 17:26:00,132066000,132300000,131968000,132300000,10.78781697
2024-12-03 17:27:00,132300000,132493000,132104000,132441000,8.25290615
2024-12-03 17:28:00,132366000,132500000,132232000,132485000,11.32513309
2024-12-03 17:29:00,132500000,132580000,132340000,132379000,10.11445384
2024-12-03 17:30:00,132379000,132482000,132341000,132446000,6.31961273
2024-12-03 17:31:00,132464000,132500000,132379000,132500000,7.59741535
2024-12-03 17:32:00,132453000,132584000,132387000,132534000,8.52548935
2024-12-03 17:33:00,132532000,132584000,132401000,132528000,7.07379457
2024-12-03 17:34:00,132535000,132585000,132420000,132427000,8.02205353
2024-12-03 17:35:00,132548000,132586000,132422000,132539000,8.00945437
2024-12-03 17:36:00,132540000,132598000,132518000,132598000,8.28753861
2024-12-03 17:37:00,132598000,132601000,132538000,132601000,6.7487516
2024-12-03 17:38:00,132601000,132700000,132538000,132668000,10.89120707
2024-12-03 17:39:00,132667000,132797000,132566000,132734000,5.70367361
2024-12-03 17:40:00,132770000,132880000,132569000,132880000,6.39057916
2024-12-03 17:41:00,132880000,132950000,132800000,132922000,6.76511861
2024-12-03 17:42:00,132922000,132990000,132880000,132930000,8.2694285
2024-12-03 17:43:00,132930000,132992000,132930000,132992000,5.2938896
2024-12-03 17:44:00,132990000,133015000,132929000,132929000,7.94436017
2024-12-03 17:45:00,132954000,132997000,132900000,132901000,10.62101419
2024-12-03 17:46:00,132901000,132953000,132828000,132932000,2.75560549
2024-12-03 17:47:00,132932000,132950000,132876000,132935000,3.69106888
2024-12-03 17:48:00,132935000,132949000,132797000,132925000,6.21439128
2024-12-03 17:49:00,132925000,132925000,132797000,132800000,8.07736846
2024-12-03 17:50:00,132800000,132800000,132550000,132773000,5.22160388
2024-12-03 17:51:00,132772000,132775000,132421000,132500000,19.69904235
2024-12-03 17:52:00,132499000,132744000,132431000,132500000,19.42504369
2024-12-03 17:53:00,132500000,132500000,132420000,132500000,9.98540042
2024-12-03 17:54:00,132500000,132783000,132414000,132783000,7.79554555
2024-12-03 17:55:00,132782000,132901000,132733000,132901000,1.87024301
2024-12-03 17:56:00,132900000,132949000,132840000,132935000,3.48530608
2024-12-03 17:57:00,132935000,132950000,132784000,132950000,5.59705288
2024-12-03 17:58:00,132950000,132996000,132935000,132996000,13.14885276
2024-12-03 17:59:00,132996000,133100000,132988000,132995000,10.02770295
2024-12-03 18:00:00,132988000,133131000,132988000,132998000,6.51330603
2024-12-03 18:01:00,133098000,133100000,132995000,133003000,5.07304447
2024-12-03 18:02:00,133088000,133088000,132839000,133001000,7.58593612
2024-12-03 18:03:00,133000000,133100000,132955000,133001000,7.36816853
2024-12-03 18:04:00,133100000,133100000,133000000,133001000,2.93789281
2024-12-03 18:05:00,133097000,133099000,132969000,132997000,2.12710241
2024-12-03 18:06:00,132969000,133096000,132944000,133031000,1.74543222
2024-12-03 18:07:00,133010000,133099000,133010000,133048000,2.84243127
2024-12-03 18:08:00,133098000,133099000,133010000,133079000,1.13409551
2024-12-03 18:09:00,133079000,133079000,133010000,133071000,3.25641496
2024-12-03 18:10:00,133071000,133096000,133070000,133096000,2.46411751
2024-12-03 18:11:00,133096000,133139000,133085000,133136000,6.15677293
2024-12-03 18:12:00,133136000,133170000,133048000,133052000,6.05056385
2024-12-03 18:13:00,133052000,133069000,132944000,132997000,3.5757964
2024-12-03 18:14:00,132999000,133070000,132997000,133070000,2.37732022
2024-12-03 18:15:00,133070000,133120000,132999000,133120000,1.26815841
2024-12-03 18:16:00,133120000,133151000,133021000,133118000,2.20858662
2024-12-03 18:17:00,133117000,133117000,133021000,133044000,1.24048481
2024-12-03 18:18:00,133044000,133118000,133022000,133116000,1.37874381
2024-12-03 18:19:00,133116000,133116000,133022000,133108000,1.12481546
2024-12-03 18:20:00,133045000,133118000,133045000,133081000,3.11961499
2024-12-03 18:21:00,133081000,133118000,133081000,133118000,1.74838209
2024-12-03 18:22:00,133118000,133180000,133115000,133179000,3.74957688
2024-12-03 18:23:00,133179000,133208000,133153000,133153000,2.6160935
2024-12-03 18:24:00,133172000,133222000,132977000,132977000,3.4058479
2024-12-03 18:25:00,132977000,133052000,132977000,133021000,1.49901496
2024-12-03 18:26:00,133022000,133022000,132977000,132983000,3.25662438
2024-12-03 18:27:00,132983000,133001000,132977000,133001000,4.82734155
2024-12-03 18:28:00,133001000,133001000,132920000,132944000,4.72088743
2024-12-03 18:29:00,132944000,132944000,132895000,132900000,1.50831419
2024-12-03 18:30:00,132895000,132895000,132862000,132875000,0.93191914
2024-12-03 18:31:00,132883000,132885000,132862000,132873000,2.41273195
2024-12-03 18:32:00,132875000,132914000,132851000,132911000,1.10508353
2024-12-03 18:33:00,132911000,132947000,132840000,132947000,2.14008218
2024-12-03 18:34:00,132944000,132988000,132876000,132948000,1.67508424
2024-12-03 18:35:00,132988000,133000000,132947000,132947000,4.34868897
2024-12-03 18:36:00,132949000,132950000,132835000,132839000,1.59323901
2024-12-03 18:37:00,132839000,133000000,132835000,132950000,1.60608075
2024-12-03 18:38:00,132999000,133001000,132900000,132996000,1.18601484
2024-12-03 18:39:00,132996000,132996000,132800000,132899000,2.94170324
2024-12-03 18:40:00,132900000,132906000,132800000,132801000,1.44248375
2024-12-03 18:41:00,132905000,132906000,132800000,132895000,1.62433664
2024-12-03 18:42:00,132895000,132895000,132801000,132802000,0.68937237
2024-12-03 18:43:00,132822000,132894000,132801000,132894000,1.70457918
2024-12-03 18:44:00,132894000,132894000,132803000,132811000,1.44398727
2024-12-03 18:45:00,132809000,132811000,132809000,132811000,1.51740781
2024-12-03 18:46:00,132811000,132811000,132801000,132802000,4.39432496
2024-12-03 18:47:00,132802000,132802000,132634000,132639000,2.70349828
2024-12-03 18:48:00,132639000,132700000,132630000,132634000,1.62710014
2024-12-03 18:49:00,132635000,132635000,132532000,132589000,1.99010043
2024-12-03 18:50:00,132589000,132590000,132499000,132550000,2.77676333
2024-12-03 18:51:00,132550000,132735000,132500000,132635000,4.46249013
2024-12-03 18:52:00,132700000,132700000,132600000,132699000,1.48960711
2024-12-03 18:53:00,132699000,132860000,132698000,132860000,2.39637266
2024-12-03 18:54:00,132860000,132860000,132736000,132736000,0.45278215
2024-12-03 18:55:00,132736000,132791000,132735000,132735000,1.06399499
2024-12-03 18:56:00,132782000,132841000,132735000,132782000,2.78221553
2024-12-03 18:57:00,132800000,132857000,132700000,132857000,0.9909687
2024-12-03 18:58:00,132857000,132888000,132800000,132870000,1.0242668
2024-12-03 18:59:00,132870000,132870000,132830000,132831000,1.7291646
2024-12-03 19:00:00,132800000,132842000,132500000,132500000,1.90381616
2024-12-03 19:01:00,132623000,132651000,132499000,132549000,0.36847168
2024-12-03 19:02:00,132628000,132629000,132517000,132609000,0.39999548
2024-12-03 19:03:00,132609000,132787000,132542000,132628000,2.39677304
2024-12-03 19:04:00,132628000,132669000,132537000,132626000,0.89619514
2024-12-03 19:05:00,132626000,132771000,132554000,132583000,2.46814808
2024-12-03 19:06:00,132771000,132794000,132537000,132773000,1.71508472
2024-12-03 19:07:00,132737000,132755000,132599000,132654000,0.73738098
2024-12-03 19:08:00,132632000,132715000,132538000,132685000,2.14424043
2024-12-03 19:09:00,132712000,132712000,132537000,132575000,0.911446
2024-12-03 19:10:00,132579000,132673000,132537000,132545000,0.50354168
2024-12-03 19:11:00,132545000,132585000,132537000,132545000,3.5440668
2024-12-03 19:12:00,132585000,132621000,132542000,132585000,1.22031469
2024-12-03 19:13:00,132585000,132585000,132425000,132466000,7.51652369
2024-12-03 19:14:00,132466000,132481000,132402000,132405000,2.13369473
2024-12-03 19:15:00,132405000,132405000,132300000,132309000,4.18321801
2024-12-03 19:16:00,132308000,132308000,132042000,132042000,3.54875026
2024-12-03 19:17:00,132045000,132100000,132003000,132091000,10.07781491
2024-12-03 19:18:00,132100000,132100000,132000000,132004000,2.35020889
2024-12-03 19:19:00,132004000,132091000,132000000,132090000,2.81662506
2024-12-03 19:20:00,132088000,132091000,132000000,132010000,3.7942397
2024-12-03 19:21:00,132090000,132091000,132010000,132090000,1.90727596
2024-12-03 19:22:00,132090000,132091000,132015000,132090000,1.31074975
2024-12-03 19:23:00,132090000,132100000,132026000,132100000,3.95342261
2024-12-03 19:24:00,132100000,132246000,132028000,132113000,4.40872574
2024-12-03 19:25:00,132082000,132133000,132027000,132112000,1.90783728
2024-12-03 19:26:00,132112000,132112000,132022000,132089000,1.16526443
2024-12-03 19:27:00,132089000,132089000,132020000,132026000,1.34100825
2024-12-03 19:28:00,132088000,132514000,132020000,132473000,4.02857634
2024-12-03 19:29:00,132519000,132888000,132473000,132785000,3.84143878
2024-12-03 19:30:00,132785000,132948000,132785000,132923000,10.24723381
2024-12-03 19:31:00,132923000,133002000,132890000,132939000,6.84565486
2024-12-03 19:32:00,132939000,132939000,132786000,132895000,5.60092618
2024-12-03 19:33:00,132934000,133004000,132895000,133004000,4.14206645
2024-12-03 19:34:00,133000000,133222000,133000000,133222000,6.39177764
2024-12-03 19:35:00,133222000,133258000,133220000,133223000,5.00397436
2024-12-03 19:36:00,133258000,133258000,133195000,133205000,2.72059212
2024-12-03 19:37:00,133196000,133317000,133195000,133317000,3.05765154
2024-12-03 19:38:00,133317000,133400000,133306000,133365000,2.84023419
2024-12-03 19:39:00,133400000,133410000,133350000,133350000,6.8775502
2024-12-03 19:40:00,133350000,133410000,133300000,133300000,2.41214951
2024-12-03 19:41:00,133408000,133409000,133300000,133409000,3.11298784
2024-12-03 19:42:00,133409000,133409000,133301000,133406000,1.76110714
2024-12-03 19:43:00,133406000,133406000,133299000,133299000,3.754786
2024-12-03 19:44:00,133299000,133299000,133160000,133284000,1.14270035
2024-12-03 19:45:00,133284000,133284000,133222000,133261000,1.73671646
2024-12-03 19:46:00,133261000,133289000,133176000,133176000,1.9854557
2024-12-03 19:47:00,133288000,133288000,133133000,133283000,5.03081313
2024-12-03 19:48:00,133283000,133291000,133082000,133085000,6.35980019
2024-12-03 19:49:00,133273000,133282000,133082000,133256000,0.78049418
2024-12-03 19:50:00,133256000,133257000,133113000,133169000,0.9265281
2024-12-03 19:51:00,133246000,133257000,133169000,133257000,0.9311696
2024-12-03 19:52:00,133257000,133282000,133169000,133281000,2.05064064
2024-12-03 19:53:00,133282000,133282000,133113000,133154000,1.61767394
2024-12-03 19:54:00,133277000,133280000,133112000,133161000,1.0674599
2024-12-03 19:55:00,133276000,133277000,133157000,133274000,3.35866346
2024-12-03 19:56:00,133277000,133300000,133274000,133300000,4.98836812
2024-12-03 19:57:00,133300000,133407000,133287000,133407000,2.51851209
2024-12-03 19:58:00,133407000,133410000,133387000,133410000,2.60722499
2024-12-03 19:59:00,133410000,133446000,133407000,133410000,1.24207956
2024-12-03 20:00:00,133415000,133422000,133410000,133410000,1.95772878
2024-12-03 20:01:00,133421000,133450000,133278000,133410000,6.75052922
2024-12-03 20:02:00,133410000,133450000,133279000,133284000,1.36011518
2024-12-03 20:03:00,133300000,133440000,133279000,133279000,3.53600345
2024-12-03 20:04:00,133400000,133400000,133278000,133278000,1.27209065
2024-12-03 20:05:00,133279000,133354000,133278000,133279000,0.76197059
2024-12-03 20:06:00,133341000,133400000,133325000,133400000,3.46108527
2024-12-03 20:07:00,133400000,133449000,133384000,133400000,0.68606697
2024-12-03 20:08:00,133400000,133495000,133391000,133485000,2.47043902
2024-12-03 20:09:00,133461000,133498000,133459000,133470000,2.41026665
2024-12-03 20:10:00,133470000,133500000,133451000,133462000,2.81803373
2024-12-03 20:11:00,133462000,133500000,133462000,133499000,1.96828123
2024-12-03 20:12:00,133499000,133500000,133471000,133500000,3.63106028
2024-12-03 20:13:00,133500000,133500000,133472000,133472000,2.4695748
2024-12-03 20:14:00,133472000,133515000,133472000,133475000,2.79982543
2024-12-03 20:15:00,133475000,133515000,133474000,133513000,1.93914153
2024-12-03 20:16:00,133513000,133515000,133482000,133513000,1.16025614
2024-12-03 20:17:00,133500000,133529000,133500000,133528000,0.93611524
2024-12-03 20:18:00,133529000,133532000,133471000,133471000,4.11839232
2024-12-03 20:19:00,133500000,133532000,133453000,133453000,3.37065768
2024-12-03 20:20:00,133520000,133531000,133451000,133530000,1.05229791
2024-12-03 20:21:00,133530000,133530000,133454000,133525000,0.91599725
2024-12-03 20:22:00,133525000,133525000,133456000,133523000,0.97162034
2024-12-03 20:23:00,133523000,133524000,133287000,133396000,8.69688424
2024-12-03 20:24:00,133457000,133459000,133277000,133402000,2.45484336
2024-12-03 20:25:00,133307000,133400000,133277000,133324000,2.78419778
2024-12-03 20:26:00,133324000,133391000,133278000,133391000,2.37240043
2024-12-03 20:27:00,133391000,133451000,133300000,133451000,2.11503637
2024-12-03 20:28:00,133451000,133496000,133447000,133450000,1.60505257
2024-12-03 20:29:00,133469000,133524000,133446000,133512000,3.42282844
2024-12-03 20:30:00,133524000,133600000,133451000,133594000,8.70205726
2024-12-03 20:31:00,133600000,133610000,133600000,133602000,3.91564208
2024-12-03 20:32:00,133602000,133610000,133602000,133610000,2.17370478
2024-12-03 20:33:00,133610000,133700000,133610000,133681000,1.88267442
2024-12-03 20:34:00,133699000,133765000,133680000,133765000,3.8546012
2024-12-03 20:35:00,133765000,133800000,133752000,133800000,2.48599648
2024-12-03 20:36:00,133800000,133807000,133790000,133804000,2.7257894
2024-12-03 20:37:00,133804000,133812000,133803000,133810000,2.01647233
2024-12-03 20:38:00,133810000,133814000,133807000,133814000,4.28799719
2024-12-03 20:39:00,133813000,133846000,133808000,133808000,2.49290802
2024-12-03 20:40:00,133808000,133880000,133808000,133865000,3.3318121
2024-12-03 20:41:00,133865000,133872000,133808000,133808000,4.99751377
2024-12-03 20:42:00,133808000,133864000,133750000,133851000,7.82075376
2024-12-03 20:43:00,133851000,133851000,133750000,133771000,4.41074897
2024-12-03 20:44:00,133752000,133800000,133736000,133750000,3.08868269
2024-12-03 20:45:00,133750000,133750000,133676000,133698000,3.03269181
2024-12-03 20:46:00,133676000,133736000,133623000,133736000,4.06403726
2024-12-03 20:47:00,133736000,133769000,133652000,133736000,1.43035338
2024-12-03 20:48:00,133736000,133755000,133735000,133735000,1.10657457
2024-12-03 20:49:00,133735000,133735000,133705000,133705000,1.64544977
2024-12-03 20:50:00,133733000,133733000,133649000,133651000,2.35793906
2024-12-03 20:51:00,133651000,133696000,133650000,133696000,1.56045118
2024-12-03 20:52:00,133696000,133696000,133652000,133661000,2.09174972
2024-12-03 20:53:00,133661000,133735000,133660000,133735000,8.20041997
2024-12-03 20:54:00,133735000,133740000,133725000,133736000,2.07899549
2024-12-03 20:55:00,133736000,133748000,133735000,133748000,2.06699109
2024-12-03 20:56:00,133748000,133748000,133740000,133747000,2.90513926
2024-12-03 20:57:00,133748000,133749000,133746000,133748000,3.07059589
2024-12-03 20:58:00,133748000,133810000,133746000,133810000,3.45830362
2024-12-03 20:59:00,133810000,133915000,133800000,133850000,6.3358436
2024-12-03 21:00:00,133901000,133916000,133850000,133850000,4.03266524
2024-12-03 21:01:00,133860000,133940000,133860000,133940000,3.22495368
2024-12-03 21:02:00,133940000,133950000,133915000,133950000,4.40350389
2024-12-03 21:03:00,133950000,133950000,133946000,133950000,2.8119142
2024-12-03 21:04:00,133950000,133969000,133946000,133955000,4.72703394
2024-12-03 21:05:00,133957000,133972000,133950000,133950000,4.04508665
2024-12-03 21:06:00,133955000,133970000,133950000,133965000,2.19931837
2024-12-03 21:07:00,133965000,133979000,133953000,133977000,3.36581925
2024-12-03 21:08:00,133979000,133980000,133969000,133980000,3.19941235
2024-12-03 21:09:00,133980000,133990000,133977000,133990000,2.01204
2024-12-03 21:10:00,133990000,134000000,133985000,133999000,4.50892753
2024-12-03 21:11:00,133999000,134000000,133998000,134000000,4.97582168
2024-12-03 21:12:00,134000000,134000000,133998000,133998000,5.13903675
2024-12-03 21:13:00,133999000,134000000,133997000,134000000,8.00595208
2024-12-03 21:14:00,134000000,134000000,133997000,133999000,8.37055977
2024-12-03 21:15:00,134000000,134003000,133999000,134002000,4.02941812
2024-12-03 21:16:00,134002000,134038000,134001000,134030000,3.60608232
2024-12-03 21:17:00,134025000,134089000,134025000,134085000,2.51722718
2024-12-03 21:18:00,134082000,134100000,134030000,134100000,9.91729655
2024-12-03 21:19:00,134100000,134126000,134032000,134126000,3.00864548
2024-12-03 21:20:00,134126000,134148000,134124000,134147000,4.10869813
2024-12-03 21:21:00,134148000,134155000,134147000,134154000,4.35876448
2024-12-03 21:22:00,134154000,134155000,134150000,134153000,7.11566004
2024-12-03 21:23:00,134152000,134153000,134147000,134151000,4.31048562
2024-12-03 21:24:00,134151000,134151000,134090000,134110000,5.85294548
2024-12-03 21:25:00,134110000,134110000,133999000,134001000,7.24765032
2024-12-03 21:26:00,134001000,134153000,134000000,134019000,8.15454956
2024-12-03 21:27:00,134011000,134120000,134004000,134024000,2.31050772
2024-12-03 21:28:00,134024000,134097000,134020000,134020000,2.78591197
2024-12-03 21:29:00,134024000,134024000,134010000,134020000,5.20068838
2024-12-03 21:30:00,134011000,134020000,134010000,134020000,4.14900688
2024-12-03 21:31:00,134020000,134020000,134004000,134019000,4.6525328
2024-12-03 21:32:00,134019000,134020000,134000000,134020000,6.3881196
2024-12-03 21:33:00,134019000,134020000,133975000,134020000,12.44185679
2024-12-03 21:34:00,134022000,134150000,134000000,134097000,4.05028274
2024-12-03 21:35:00,134098000,134155000,134097000,134150000,6.00819239
2024-12-03 21:36:00,134150000,134155000,134089000,134145000,4.50401608
2024-12-03 21:37:00,134145000,134179000,134120000,134178000,4.95911468
2024-12-03 21:38:00,134179000,134191000,134177000,134189000,4.13001759
2024-12-03 21:39:00,134189000,134200000,134134000,134176000,7.10130347
2024-12-03 21:40:00,134176000,134176000,134021000,134053000,4.2436071
2024-12-03 21:41:00,134175000,134175000,134053000,134173000,2.08484191
2024-12-03 21:42:00,134174000,134174000,134061000,134091000,1.67748698
2024-12-03 21:43:00,134174000,134200000,134090000,134200000,7.93660448
2024-12-03 21:44:00,134190000,134229000,134190000,134229000,4.36149102
2024-12-03 21:45:00,134229000,134250000,134206000,134250000,7.36399522
2024-12-03 21:46:00,134250000,134400000,134238000,134378000,11.42906243
2024-12-03 21:47:00,134395000,134480000,134350000,134480000,6.49635112
2024-12-03 21:48:00,134480000,134480000,134475000,134479000,3.14789289
2024-12-03 21:49:00,134479000,134482000,134477000,134480000,5.67735667
2024-12-03 21:50:00,134482000,134500000,134480000,134500000,7.14586187
2024-12-03 21:51:00,134500000,134500000,134498000,134500000,8.37057516
2024-12-03 21:52:00,134500000,134500000,134497000,134500000,9.24831168
2024-12-03 21:53:00,134500000,134510000,134499000,134501000,7.70254312
2024-12-03 21:54:00,134510000,134556000,134501000,134555000,4.30562024
2024-12-03 21:55:00,134555000,134570000,134541000,134541000,8.11875848
2024-12-03 21:56:00,134570000,134600000,134541000,134600000,7.88509067
2024-12-03 21:57:00,134583000,134643000,134575000,134590000,4.63349133
2024-12-03 21:58:00,134633000,134650000,134590000,134640000,5.93370516
2024-12-03 21:59:00,134640000,134645000,134541000,134541000,9.48620205
2024-12-03 22:00:00,134541000,134645000,134500000,134541000,6.74311838
2024-12-03 22:01:00,134500000,134541000,134001000,134077000,15.73082353
2024-12-03 22:02:00,134077000,134243000,134000000,134126000,8.48921844
2024-12-03 22:03:00,134125000,134315000,134056000,134314000,5.40026852
2024-12-03 22:04:00,134314000,134314000,134181000,134277000,4.00475217
2024-12-03 22:05:00,134186000,134309000,134183000,134223000,6.27442582
2024-12-03 22:06:00,134223000,134278000,134188000,134277000,4.85505857
2024-12-03 22:07:00,134277000,134293000,134226000,134280000,5.48684362
2024-12-03 22:08:00,134280000,134427000,134278000,134310000,5.02723116
2024-12-03 22:09:00,134310000,134434000,134277000,134308000,3.92826422
2024-12-03 22:10:00,134309000,134428000,134308000,134308000,2.72738441
2024-12-03 22:11:00,134309000,134433000,134308000,134422000,3.75125124
2024-12-03 22:12:00,134423000,134423000,134308000,134422000,3.8210663
2024-12-03 22:13:00,134423000,134502000,134422000,134501000,5.20369824
2024-12-03 22:14:00,134501000,134639000,134483000,134639000,3.15425076
2024-12-03 22:15:00,134600000,134640000,134513000,134595000,1.96585148
2024-12-03 22:16:00,134592000,134595000,134591000,134592000,4.08284951
2024-12-03 22:17:00,134592000,134592000,134507000,134522000,4.6577058
2024-12-03 22:18:00,134585000,134588000,134508000,134584000,3.78121094
2024-12-03 22:19:00,134588000,134588000,134525000,134576000,2.95621163
2024-12-03 22:20:00,134576000,134576000,134433000,134456000,8.72851006
2024-12-03 22:21:00,134456000,134508000,134433000,134506000,5.07450082
2024-12-03 22:22:00,134508000,134570000,134434000,134550000,5.13959462
2024-12-03 22:23:00,134570000,134599000,134550000,134585000,7.31810757
2024-12-03 22:24:00,134585000,134600000,134585000,134599000,6.42200197
2024-12-03 22:25:00,134600000,134625000,134428000,134550000,9.50975717
2024-12-03 22:26:00,134550000,134577000,134320000,134350000,5.32357996
2024-12-03 22:27:00,134350000,134440000,134349000,134351000,2.63555712
2024-12-03 22:28:00,134351000,134470000,134350000,134465000,4.2587461
2024-12-03 22:29:00,134465000,134465000,134435000,134464000,2.22167694
2024-12-03 22:30:00,134464000,134520000,134437000,134502000,5.97242632
2024-12-03 22:31:00,134501000,134519000,134464000,134513000,3.2726302
2024-12-03 22:32:00,134510000,134515000,134464000,134509000,4.83867753
2024-12-03 22:33:00,134509000,134519000,134464000,134519000,5.23812649
2024-12-03 22:34:00,134519000,134520000,134510000,134515000,3.83009222
2024-12-03 22:35:00,134513000,134539000,134464000,134470000,9.59861456
2024-12-03 22:36:00,134470000,134506000,134466000,134506000,4.24477398
2024-12-03 22:37:00,134506000,134507000,134466000,134470000,3.32379269
2024-12-03 22:38:00,134470000,134500000,134470000,134473000,3.84321615
2024-12-03 22:39:00,134473000,134473000,134466000,134470000,3.03294066
2024-12-03 22:40:00,134470000,134473000,134450000,134471000,3.90791475
2024-12-03 22:41:00,134471000,134473000,134451000,134465000,3.54859575
2024-12-03 22:42:00,134465000,134507000,134450000,134504000,5.09943128
2024-12-03 22:43:00,134504000,134507000,134466000,134466000,5.803416
2024-12-03 22:44:00,134488000,134490000,134455000,134470000,3.71629441
2024-12-03 22:45:00,134466000,134470000,134463000,134470000,3.81784388
2024-12-03 22:46:00,134470000,134488000,134451000,134467000,3.29533253
2024-12-03 22:47:00,134466000,134470000,134450000,134466000,4.05418476
2024-12-03 22:48:00,134466000,134467000,134407000,134439000,10.08417868
2024-12-03 22:49:00,134439000,134439000,134407000,134429000,1.95533192
2024-12-03 22:50:00,134429000,134429000,134364000,134400000,5.72058281
2024-12-03 22:51:00,134364000,134407000,134350000,134399000,6.54991595
2024-12-03 22:52:00,134399000,134407000,134350000,134399000,4.34947486
2024-12-03 22:53:00,134399000,134407000,134350000,134398000,4.34491701
2024-12-03 22:54:00,134398000,134400000,134342000,134347000,5.15258143
2024-12-03 22:55:00,134395000,134398000,134337000,134397000,4.23900381
2024-12-03 22:56:00,134397000,134397000,134320000,134337000,7.15748996
2024-12-03 22:57:00,134367000,134485000,134337000,134485000,14.79541694
2024-12-03 22:58:00,134485000,134550000,134485000,134550000,10.01470189
2024-12-03 22:59:00,134550000,134598000,134539000,134598000,4.64535888
2024-12-03 23:00:00,134598000,134645000,134555000,134628000,12.54341202
2024-12-03 23:01:00,134628000,134645000,134618000,134645000,5.11787602
2024-12-03 23:02:00,134645000,134654000,134645000,134652000,5.14498851
2024-12-03 23:03:00,134652000,134667000,134650000,134657000,8.17331202
2024-12-03 23:04:00,134658000,134670000,134617000,134670000,11.53623161
2024-12-03 23:05:00,134666000,134679000,134660000,134678000,3.89883729
2024-12-03 23:06:00,134679000,134680000,134617000,134617000,7.93313573
2024-12-03 23:07:00,134665000,134675000,134512000,134598000,5.97488931
2024-12-03 23:08:00,134598000,134657000,134499000,134597000,7.79820249
2024-12-03 23:09:00,134597000,134597000,134499000,134590000,6.6018404
2024-12-03 23:10:00,134502000,134595000,134501000,134570000,5.13499074
2024-12-03 23:11:00,134591000,134593000,134563000,134591000,4.6113574
2024-12-03 23:12:00,134564000,134598000,134564000,134597000,6.57267441
2024-12-03 23:13:00,134596000,134600000,134593000,134597000,5.51222862
2024-12-03 23:14:00,134593000,134596000,134564000,134573000,3.93310305
2024-12-03 23:15:00,134567000,134588000,134560000,134588000,4.58433571
2024-12-03 23:16:00,134588000,134588000,134559000,134567000,5.31196263
2024-12-03 23:17:00,134587000,134588000,134567000,134588000,7.95177404
2024-12-03 23:18:00,134588000,134588000,134557000,134557000,5.19712944
2024-12-03 23:19:00,134587000,134587000,134580000,134587000,3.40023354
2024-12-03 23:20:00,134587000,134587000,134580000,134587000,5.30902676
2024-12-03 23:21:00,134587000,134587000,134579000,134582000,6.0116593
2024-12-03 23:22:00,134582000,134583000,134557000,134562000,6.46258628
2024-12-03 23:23:00,134581000,134582000,134561000,134562000,4.63766498
2024-12-03 23:24:00,134562000,134582000,134500000,134519000,6.34164115
2024-12-03 23:25:00,134501000,134519000,134371000,134449000,10.39113987
2024-12-03 23:26:00,134388000,134449000,134381000,134381000,5.25556089
2024-12-03 23:27:00,134386000,134386000,134322000,134336000,6.45548782
2024-12-03 23:28:00,134336000,134341000,134166000,134168000,14.49163809
2024-12-03 23:29:00,134166000,134200000,134000000,134001000,15.23204182
2024-12-03 23:30:00,134000000,134093000,134000000,134003000,16.64117184
2024-12-03 23:31:00,134045000,134045000,133997000,133999000,9.9143373
2024-12-03 23:32:00,133999000,134000000,133970000,133983000,5.35336735
2024-12-03 23:33:00,133987000,134269000,133983000,134247000,13.38447563
2024-12-03 23:34:00,134247000,134289000,134127000,134186000,5.47658128
2024-12-03 23:35:00,134186000,134246000,134130000,134132000,5.00270753
2024-12-03 23:36:00,134133000,134246000,134132000,134230000,3.93936607
2024-12-03 23:37:00,134230000,134239000,134200000,134238000,3.03796376
2024-12-03 23:38:00,134238000,134239000,134200000,134230000,5.67218889
2024-12-03 23:39:00,134229000,134236000,134187000,134227000,2.83473275
2024-12-03 23:40:00,134220000,134227000,134186000,134187000,3.80444567
2024-12-03 23:41:00,134187000,134220000,134143000,134200000,4.3896428
2024-12-03 23:42:00,134200000,134200000,134143000,134144000,2.45940207
2024-12-03 23:43:00,134144000,134154000,134132000,134138000,5.73259637
2024-12-03 23:44:00,134149000,134149000,134102000,134104000,3.40323424
2024-12-03 23:45:00,134104000,134104000,133966000,133968000,6.16504214
2024-12-03 23:46:00,133968000,134000000,133933000,133950000,7.29476293
2024-12-03 23:47:00,133956000,133957000,133950000,133950000,3.43235873
2024-12-03 23:48:00,133951000,133960000,133936000,133952000,8.02229777
2024-12-03 23:49:00,133952000,133957000,133943000,133955000,3.89790372
2024-12-03 23:50:00,133955000,133956000,133951000,133955000,5.92155992
2024-12-03 23:51:00,133955000,133956000,133950000,133950000,4.13256525
2024-12-03 23:52:00,133952000,133955000,133950000,133952000,9.23383229
2024-12-03 23:53:00,133952000,133952000,133928000,133950000,6.64631389
2024-12-03 23:54:00,133931000,133950000,133920000,133950000,5.33989404
2024-12-03 23:55:00,133933000,133950000,133800000,133850000,8.59753321
2024-12-03 23:56:00,133850000,133884000,133770000,133770000,6.87557364
2024-12-03 23:57:00,133778000,133826000,133661000,133700000,10.66438535
2024-12-03 23:58:00,133700000,133764000,133663000,133703000,5.22466331